CpdID,type,SMILES,UMAP1,UMAP2,id,UMAP1-opt,UMAP2-opt,QED
screening1_5,internal,CCC(=O)Nc1ccc(C(=O)COC(=O)c2ccc3ncsc3c2)cc1,5.423223019,0.244497567,0,13.548877,6.450179,0.529765695
screening1_8,internal,CN1CCN(Cc2cc(Br)c3cccnc3c2O)CC1,0.715058208,-0.17438595,1,11.990898,-4.0897746,0.91454587
5FDQD,R-BIND2,Cc1cc2nc3c(=O)[nH]c(=O)nc-3n(CCC(C)c3ccc(F)cc3)c2cc1C,2.935603619,-1.603736162,302,8.238391,14.853855,0.538901319
Ribocil-B,R-BIND2,CNc1ncc(CN2CCC[C@H](c3nc(-c4cccs4)cc(=O)[nH]3)C2)cn1,2.422441006,-0.411161333,303,10.177631,11.943161,0.705545992
Ribocil-C,R-BIND2,O=c1cc(-c2cccs2)[nH]c([C@H]2CCCN(Cc3cn(-c4ncccn4)cn3)C2)n1,2.501286507,-0.226438642,304,1.2721381,10.366504,0.534742446
Roseoflavin,R-BIND2,Cc1cc2nc3c(=O)[nH]c(=O)nc-3n(C[C@H](O)[C@H](O)[C@H](O)CO)c2cc1N(C)C,3.459713936,-2.165252924,305,1.4217774,1.3154995,0.292630702
"2,6-Diaminopurine",R-BIND2,Nc1nc(N)c2[nH]cnc2n1,3.953357458,3.521888494,306,21.71193,-4.9518642,0.469730964
Pyrithiamine,R-BIND2,Cc1ncc(C[n+]2cccc(CCO)c2C)c(N)n1,1.415003538,1.256344199,307,9.787018,-11.824053,0.786063488
2-Amino-N6-Hydroxyadenine,R-BIND2,Nc1nc(=NO)c2[nH]cnc2[nH]1,3.956223249,3.650357246,308,21.990791,-5.373891,0.3012578
PC1,R-BIND2,Nc1nc(=O)c(N)c(N)[nH]1,5.489681244,2.949071169,309,22.331923,-5.4777775,0.350338787
Chelerythrine,R-BIND2,COc1ccc2c(c[n+](C)c3c4cc5c(cc4ccc23)OCO5)c1OC,1.213297129,-0.296745449,310,14.824393,18.101593,0.408940527
Dequalinium,R-BIND2,Cc1cc(N)c2ccccc2[n+]1CCCCCCCCCC[n+]1c(C)cc(N)c2ccccc21,0.817917287,0.653373659,311,17.905628,16.81896,0.20936733
Harmane,R-BIND2,Cc1nccc2c1[nH]c1ccccc12,4.143802166,2.847087383,312,27.34864,9.78459,0.568427007
Harmine,R-BIND2,COc1ccc2c(c1)[nH]c1c(C)nccc12,5.417327404,2.103317976,313,27.016842,9.365651,0.672864251
Proflavine,R-BIND2,Nc1ccc2cc3ccc(N)cc3nc2c1,3.972225189,3.189581394,314,27.351833,8.789782,0.441447263
Staurosporine,R-BIND2,CN[C@H]1CC2OC(C)([C@H]1OC)n1c3ccccc3c3c4c(c5c6ccccc6n2c5c31)C(=O)NC4,2.767722368,-1.639638901,315,0.29649052,18.900835,0.405842479
Pentamidine,R-BIND2,N=C(N)c1ccc(OCCCCCOc2ccc(C(=N)N)cc2)cc1,3.59510231,3.010782957,316,4.037031,-1.0562378,0.301957822
Methylquinolinium 15,R-BIND2,C[n+]1c(C=Cc2cc3ccccc3[nH]2)ccc2ccccc21,0.65129441,1.249447346,317,21.5909,13.687467,0.529326943
Methylquinolinium 16,R-BIND2,CCn1c2ccccc2c2cc(/C=C/c3ccc4ccccc4[n+]3C)ccc21,0.622932971,1.151349306,318,16.393345,16.975826,0.349620995
Methylquinolinium 22,R-BIND2,CN1CCN(c2cc(/C=C/c3ccc(N4CCOCC4)cc3)[n+](C)c3ccccc23)CC1,0.740021169,0.411396146,319,12.000633,17.35152,0.593016755
Methylquinolinium 23,R-BIND2,CN1CCN(c2cc(C=Cc3cc4ccccc4[nH]3)[n+](C)c3ccccc23)CC1,0.641642869,0.646467626,320,16.836056,17.21699,0.539959485
Methylquinolinium 24,R-BIND2,CCn1c2ccccc2c2cc(/C=C/c3cc(N4CCN(C)CC4)c4ccccc4[n+]3C)ccc21,0.675199151,0.635952115,321,2.9788182,20.138683,0.318419313
Compound 1,R-BIND2,Nc1ccc(-c2cc3ccc(C4=NCCN4)cc3[nH]2)cc1,2.335523844,2.143873453,322,21.761578,10.560629,0.630038436
Compound 2,R-BIND2,N=C(N)c1ccc(Nc2ccc(-c3cc4ccc(C(=N)N)cc4[nH]3)cc2)cc1,3.724386215,3.318718672,323,-1.1134062,15.168624,0.233846353
Compound 4,R-BIND2,C[n+]1ccc(Nc2ccc(NC(=O)c3ccc(Nc4cc[n+](C)c5ccc(N)cc45)cc3)cc2)cc1,3.510629892,2.490247726,324,-4.4787006,17.518322,0.209258942
RGB-1,R-BIND2,O=c1c2c(-c3ccco3)csc2nc2n1Cc1nc3scc(-c4ccco4)c3c(=O)n1C2,2.852064371,-0.653088927,325,-6.4550414,15.118445,0.384430681
Benzimidazole 1 (2014),R-BIND2,CN1CCN(c2ccc3[nH]c(-c4cc(C(C)(C)C)c(OCCCC(=O)NCCCN=[N+]=[N-])c(C(C)(C)C)c4)nc3c2)CC1,1.678189993,-0.898521066,326,-9.429645,2.5014682,0.113792743
D6,R-BIND2,N=C(N)Nc1ccc(C(=O)Oc2ccc(N=C(N)N)cc2)cc1,4.445649624,3.220550537,327,4.663608,-2.303617,0.246629344
Hydroxyellipticine 1a,R-BIND2,Cc1c2cc[n+](CCN3CCCCC3)cc2c(C)c2c1[nH]c1ccc(O)cc12,0.826285839,0.017455881,328,17.494608,17.79461,0.515988852
Benzimidazole 1 (2015),R-BIND2,O=[N+]([O-])c1ccc2[nH]c(CCCc3nc4cc([N+](=O)[O-])ccc4[nH]3)nc2c1,3.141198397,2.593728304,329,0.25813195,12.128419,0.394987175
Benzimidazole 16 (2015),R-BIND2,O=C(Nc1ccc(-c2nc3cc(NC(=O)c4ccco4)ccc3[nH]2)cc1)c1ccco1,3.833801031,1.856701732,330,-2.920346,17.023617,0.379147181
Benzimidazole 17 (2015),R-BIND2,O=C(Nc1ccc(-c2nc3ccccc3[nH]2)cc1)c1ccc(-c2ccc(Cl)cc2)o1,3.813746691,1.702740669,331,-2.8603735,16.336042,0.358015133
H1,R-BIND2,Nc1cccc(-c2nc3cc(-c4ccc5[nH]c(-c6cccc(N)c6)nc5c4)ccc3[nH]2)c1,3.797445059,3.211906672,332,-3.278488,17.2498,0.281311795
Lomofungin,R-BIND2,COC(=O)c1ccc(=O)c2nc3c(=CO)c(=O)cc(O)c3[nH]c12,6.003124237,1.661837578,333,17.968922,2.9935877,0.423671628
Naphthyridine 2,R-BIND2,N#Cc1c(N2CCCC2)nc(N)c2c(N)nc(N3CCCC3)cc12,1.154279828,0.64556855,334,2.971641,-9.736134,0.86803613
p1,R-BIND2,O=C(Nc1ccccn1)c1cccc(OCc2cscn2)c1,4.737084389,0.596705377,335,20.473534,6.2002683,0.784400246
p7,R-BIND2,O=C(Nc1ccc(NC(=O)c2ccc(F)cc2)nc1)c1ccncc1,3.909129858,1.738577366,336,19.300234,6.19146,0.766572527
Pyrvinium,R-BIND2,Cc1cc(/C=C/c2ccc3cc(N(C)C)ccc3[n+]2C)c(C)n1-c1ccccc1,0.560354233,1.188593507,337,16.82067,16.12682,0.435793471
NVS-SM1,R-BIND2,CC1(C)CC(Oc2ccc(-c3ccc(-c4cn[nH]c4)cc3O)nn2)CC(C)(C)N1,2.482093573,-1.646178246,338,10.220416,12.547255,0.621569709
NVS-SM2,R-BIND2,CN(c1ccc(-c2ccc(-c3cn[nH]c3)cc2O)nn1)C1CC(C)(C)NC(C)(C)C1,2.218009949,-1.65253222,339,10.419826,13.011662,0.607090898
IRAB,R-BIND2,CN(C)CCCn1c(N)nc2ccc3oc(CN(C)C)cc3c21,0.137441993,-0.723490417,340,13.305675,10.395009,0.756457289
Benzimidazole 3,R-BIND2,CN(C)CCCOc1ccc2nc(N)n(CCCN(C)C)c2c1,0.285198957,-0.99414748,341,6.844026,-3.3009806,0.715460265
Benzimidazole 10,R-BIND2,CN(C)CCCOc1ccc2nc3n(c2c1)CC(CN(C)C)CN3,0.344920903,-0.841050744,342,6.981095,-4.211977,0.78613196
Benzimidazole 11 / Isis-11,R-BIND2,CN(C)CCCn1c(N)nc2ccc3c(c21)CC(CCN(C)C)O3,0.201452896,-0.92070204,343,7.7257,-3.6970544,0.838601249
Benzimidazole 12,R-BIND2,CN(C)CCCn1c(N)nc2ccc3c(c21)CC(CN(C)C)CO3,0.272319376,-0.865890443,344,7.54785,-4.0834885,0.872659061
Benzimidazole 13 / Isis-13,R-BIND2,CN(C)CC1COc2ccc3nc4n(c3c2C1)CC(CN(C)C)CN4,0.267870218,-0.822178602,345,7.7072678,-4.6450634,0.9164003
Isis-22,R-BIND2,CN(C)CC1CNc2nc3ccc4c(c3n2C1)CC(CN(C)C)O4,0.297914088,-0.832388043,346,7.700228,-4.202313,0.92108858
DB213,R-BIND2,CN(C)CCCN=C(N)c1ccc(C(=N)NCCCN(C)C)cc1,2.047855616,2.090673447,347,6.273122,-3.1148012,0.341719104
Clomiphene,R-BIND2,CCN(CC)CCOc1ccc(/C(=C(/Cl)c2ccccc2)c2ccccc2)cc1,0.488217384,-0.189138263,348,17.838749,14.699596,0.373428322
Cyproheptadine,R-BIND2,CN1CCC(=C2c3ccccc3C=Cc3ccccc32)CC1,0.590681791,0.45907861,349,23.88162,13.105973,0.579164562
4478-7480,R-BIND2,CCc1nc2sc(C(=O)Nc3cccc(C(F)(F)F)c3)c(N)c2cc1C,4.056985855,1.300300121,350,16.93815,7.324945,0.671341514
Aminoquinolone 7a,R-BIND2,CC(C)(C)n1cc(C(=O)O)c(=O)c2cc(N)c(N3CCN(c4ccccn4)CC3)cc21,1.802449822,-2.107512236,351,3.0158298,11.068272,0.626687365
Aminoquinolone 8a,R-BIND2,Nc1cc2c(=O)c(C(=O)O)cn(C3CC3)c2cc1N1CCN(c2ccccn2)CC1,1.848645449,-2.229576349,352,2.2821054,10.748511,0.642069134
Aminoquinolone 22a,R-BIND2,Cn1cc(C(=O)O)c(=O)c2cc(F)c(N3CCN(c4ccccn4)CC3)cc21,1.920636415,-2.106779099,353,5.009686,11.465177,0.747487165
WM5,R-BIND2,Cn1cc(C(=O)O)c(=O)c2cc(N)c(N3CCN(c4ccccn4)CC3)cc21,1.757737756,-2.112102747,354,3.6671882,11.17744,0.665233822
DB60,R-BIND2,c1cc(-c2ccc(-c3ccc(C4=NCCN4)cc3)o2)ccc1C1=NCCN1,2.434753656,2.007937908,355,13.398083,14.191489,0.753852374
DB75 / Furamidine,R-BIND2,N=C(N)c1ccc(-c2ccc(-c3ccc(C(=N)N)cc3)o2)cc1,3.708856821,3.393109322,356,21.244362,8.9155245,0.438232345
Prochlorperazine,R-BIND2,CN1CCN(CCCN2c3ccccc3Sc3ccc(Cl)cc32)CC1,0.82539463,0.530139983,357,15.488738,15.002303,0.775124662
Quinozaline 3,R-BIND2,Nc1nc(N)c2c(N)c(N)ccc2n1,4.061864853,3.547217607,358,21.75461,-5.772618,0.431005903
S-Amino Acid Conjugate 1b,R-BIND2,CC(=O)Nc1nc(-c2cccc(NC(=O)C(N)CCCCN)c2)cs1,2.844761372,1.152304173,359,3.692316,0.034578994,0.536578194
S-Amino Acid Conjugate 3b,R-BIND2,CC(=O)Nc1nc(-c2cccc(NC(=O)C(N)Cc3c[nH]cn3)c2)cs1,3.29199791,1.071725249,360,5.342216,7.7851605,0.527907226
ST4133609,R-BIND2,Cc1ccc2c(N)c(C(=O)Nc3cccc(C(F)(F)F)c3)sc2n1,4.151247025,1.319648385,361,18.08531,7.336558,0.716267232
DPQ,R-BIND2,COc1cc2nc(N3CCNCC3)nc(N)c2cc1OC,1.211522818,-1.714088678,362,5.1340103,-10.414061,0.857176555
DPQ 6,R-BIND2,CCC(=O)N1CCN(c2nc(N)c3cc(OC)c(OC)cc3n2)CC1,1.281639814,-1.597451448,363,3.998046,-9.676728,0.892039399
DPQ 7,R-BIND2,COc1cc2nc(N3CCN(C(=O)C(C)C)CC3)nc(N)c2cc1OC,1.296573877,-1.686810493,364,3.656212,-9.192849,0.884601843
DPQ 8,R-BIND2,CCCC(=O)N1CCN(c2nc(N)c3cc(OC)c(OC)cc3n2)CC1,1.327036262,-1.648308635,365,3.611039,-8.867417,0.867765937
DPQ 10,R-BIND2,COc1cc2nc(N3CCN(C(=O)C4CC4)CC3)nc(N)c2cc1OC,1.338166833,-1.709975719,366,3.060001,-9.58539,0.88092652
Kaempferol,R-BIND2,O=c1c(O)c(-c2ccc(O)cc2)oc2cc(O)cc(O)c12,6.613170624,1.320966601,367,20.00887,2.8206692,0.545851399
Compound 43 (MTDB),R-BIND2,CCOC(=O)c1ccccc1NC(=O)N1CCCN(Cc2csc(C)n2)CC1,1.870963216,-0.257026851,368,8.144439,1.221377,0.776413285
Compound 1 (2017),R-BIND2,CCN(CC)CCOc1ccc(Nc2nc(-c3ccccc3NC(=O)CCN3CCN(C)CC3)nc3ccccc23)cc1,1.274712563,-1.454641223,369,-9.276445,2.6152983,0.219036746
Targapremir-18a,R-BIND2,CN1CCN(c2ccc(-c3ccc4[nH]c(-c5cc(C(C)(C)C)c(OCCCC(=O)NCCCN=[N+]=[N-])c(C(C)(C)C)c5)nc4c3)cc2)CC1,1.657377958,-0.924109817,370,-9.586472,2.9654639,0.06840142
Targapremir-210,R-BIND2,CN1CCN(c2ccc3[nH]c(-c4ccc5[nH]c(-c6cccc(OCCCC(=O)NCCCN=[N+]=[N-])c6)nc5c4)nc3c2)CC1,1.719240427,-0.961679459,371,-9.602431,3.4236126,0.075316848
Compound 2ab,R-BIND2,CC(=O)c1ccc(C(=O)NC(CCCCN)C(=O)N2C[C@H](N)C[C@H](N)C2)cc1,2.515091658,0.689928889,372,2.7262762,0.2814198,0.363828399
NSC260594,R-BIND2,C[n+]1ccc(Nc2ccc(NC(=O)c3ccc(Nc4cc[n+](C)c5ccc([N+](=O)[O-])cc45)cc3)cc2)cc1,3.478130817,2.391266108,373,-5.6120915,17.252071,0.161179862
p-Terphenyl 6b,R-BIND2,COc1cc(CCN)c(-c2cc(C)c(-c3cc(CCN)c(O)c(CCN)c3)c(C)c2)c(CCN)c1,2.963066816,1.972170115,374,6.8933163,9.504071,0.288120537
Phenylquinolone 5,R-BIND2,Cn1c(-c2ccc(OCCCN3CCCCC3)c(N)c2)cc(=O)c2ccccc21,1.016331911,-1.111577988,375,11.950966,14.943269,0.508813488
Phenylquinolone 6,R-BIND2,CN1CCN(CCCOc2ccc(-c3cc(=O)c4ccccc4n3C)cc2N)CC1,0.913858593,-1.175444961,376,11.788767,14.004033,0.503803299
Guanine Analog 25f,R-BIND2,O=c1[nH]c(NC2CCCCC2)nc2[nH]cnc12,5.637396336,3.025781155,377,9.489527,-11.08163,0.731207323
Lysine Analog 8,R-BIND2,NCCS(=O)(=O)CC(N)C(=O)O,2.802551746,1.803392649,378,8.454791,-9.233721,0.456976922
Lysine Analog 9,R-BIND2,NCCOCC(N)C(=O)O,2.828779697,1.859788656,379,8.266883,-8.932978,0.406590195
Lysine Analog 11,R-BIND2,NC/C=C/CC(N)C(=O)O,2.911891222,1.870892286,380,8.170727,-9.461416,0.455151384
GQC-05,R-BIND2,Cc1c2cc[nH]cc2c(C)c2c1nc1ccc(OCCN(C)C)cc12,0.636262834,-0.53022939,381,17.875328,16.167421,0.600649686
EBAB,R-BIND2,N=C(N)c1ccc(NCCNc2ccc(C(=N)N)cc2)cc1,2.110999107,2.12887907,382,4.102692,-1.6571375,0.264575569
Pentamidine-Like Compound 2-5,R-BIND2,CC(=O)Nc1cccc(NC(=O)c2csc(NC(=O)c3ccc(Cl)cc3)n2)c1,3.952093363,1.253971815,383,12.407837,7.9680643,0.580264481
DB1246,R-BIND2,N=C(N)c1ccc(-c2ccc(-c3ccc(-c4ccc(C(=N)N)cn4)o3)o2)nc1,3.655189991,3.284518719,384,-0.57947505,14.193954,0.311616695
DB1247,R-BIND2,N=C(N)c1ccc(-c2ccc(-c3ccc(-c4ccc(C(=N)N)cn4)s3)s2)nc1,3.730230093,3.365305901,385,-0.7184063,14.986785,0.294086997
DB1273,R-BIND2,N=C(N)c1ccc(-c2ccc(-c3ccc(-c4ccc(C(=N)N)cn4)[se]3)[se]2)nc1,3.743024349,3.441981316,386,-0.7687987,14.429756,0.191248523
Myricetin,R-BIND2,O=c1c(O)c(-c2cc(O)c(O)c(O)c2)oc2cc(O)cc(O)c12,6.583265305,1.43512404,387,18.93266,2.4645257,0.370750465
Anthrathiophenedione 2b,R-BIND2,NCCNc1c2c(c(NCCN)c3sccc13)C(=O)c1ccccc1C2=O,2.577065229,1.653749704,388,5.36808,8.4888735,0.382483518
Aminosulfonylarylisoxazole 4,R-BIND2,COc1ccc(-c2onc(C)c2C)cc1S(=O)(=O)N1CCc2ccccc2C1,14.46390152,8.110827446,390,8.579354,15.850703,0.669806744
PK4C9,R-BIND2,O=C(c1c[nH]c(C(=O)c2c[nH]c3cc(O)ccc23)n1)c1c[nH]c2ccccc12,5.463262081,2.042028666,391,-1.5831785,15.67453,0.362243113
Risdiplam,R-BIND2,Cc1cn2nc(-c3cc(=O)n4cc(N5CCNC6(CC6)C5)ccc4n3)cc(C)c2n1,2.231614351,-0.837774396,392,4.7138352,20.075619,0.553213826
SMN-C3,R-BIND2,CCN1CCN(c2cc(C)c3nc(-c4cc5c(C)nc(C)cn5n4)cc(=O)n3c2)CC1,2.338131189,-0.895743012,393,5.321777,20.174597,0.510054023
SMN-C5,R-BIND2,Cc1cn2cc(-c3cc(=O)n4cc(N5CCN(C)CC5)ccc4n3)cc(F)c2n1,2.177672386,-1.153414607,394,5.1661935,20.400742,0.523577301
Quindoline CK1-14,R-BIND2,c1ccc2c(NCc3cn(CCCN4CCCCC4)nn3)c3oc4ccccc4c3nc2c1,1.306075335,0.578646302,395,1.399277,19.329733,0.374377763
Topotecan,R-BIND2,CC[C@@]1(O)C(=O)OCc2c1cc1n(c2=O)Cc2cc3c(CN(C)C)c(O)ccc3nc2-1,3.726928711,-2.197004318,396,2.1812825,10.019242,0.486542021
Triptycene 1,R-BIND2,NCCCCC(N)C(=O)Nc1ccc2c(c1)C1c3cc(NC(=O)C(N)CCCCN)ccc3C2c2ccc(NC(=O)C(N)CCCCN)cc21,2.615864038,1.572110295,397,-8.1424465,-0.05764747,0.060400068
Bisamidinium 6,R-BIND2,N=C(NCCCc1c(N)nc(N)nc1N)c1ccc(C(=N)NCCCc2c(N)nc(N)nc2N)cc1,1.931187153,2.072803974,398,-4.3442,1.1617967,0.100419483
Bisamidinium 8,R-BIND2,N=C(NCCCCc1c(N)nc(N)nc1N)c1ccc(C(=N)NCCCCc2c(N)nc(N)nc2N)cc1,1.921083808,2.091763496,399,-4.8754067,0.30379954,0.08935593
Bisamidinium 10,R-BIND2,N=C(NCCCc1c(N)nc(N)nc1N)c1cccc(C(=N)NCCCc2c(N)nc(N)nc2N)c1,1.970766783,2.149878502,400,-4.6967325,0.9326838,0.100419483
Bisamidinium 11,R-BIND2,N=C(NCCCCc1c(N)nc(N)nc1N)c1cccc(C(=N)NCCCCc2c(N)nc(N)nc2N)c1,1.855144262,2.04236722,401,-4.5621386,0.18697128,0.08935593
Acridine 1,R-BIND2,CC(=O)NCCCNCCCNCCCNC(=O)c1cccc2c(NCCCCNc3nc(N)nc(N)n3)c3ccccc3nc12,2.495471954,0.706434488,402,-7.475184,0.30554894,0.052220734
Acridine 5,R-BIND2,NCCN(CCN)CCNC(=O)c1cccc2c(NCCCCNc3nc(N)nc(N)n3)c3ccccc3nc12,2.375673294,0.532393157,403,-6.5275865,0.31515843,0.082129059
Acridine 6,R-BIND2,NCCN(CCNC(=O)Cc1c[nH]cn1)CCNC(=O)c1cccc2c(NCCCCNc3nc(N)nc(N)n3)c3ccccc3nc12,2.494725704,0.602892518,404,-7.174611,-0.20080131,0.048817898
Bisamidinium 3,R-BIND2,N=C(NCCCCNc1nc(N)nc(N)n1)c1ccc(C(=N)NCCCCNc2nc(N)nc(N)n2)cc1,1.983686686,1.996179819,405,-4.031787,0.3862063,0.075742375
Ethidium-Arg Conjugate 17,R-BIND2,C[n+]1c(-c2cccc(C(=O)NCCCCCC(=O)NCCC(=O)NC(CCCN=C(N)N)C(=O)[O-])c2)c2cc(N)ccc2c2ccc(N)cc21,2.415532827,0.633990288,406,-7.619152,-0.30807564,0.020671666
Ethidium-Arg Conjugate 20,R-BIND2,COC(=O)C(CCCN=C(N)N)NC(=O)CCNC(=O)CCCCCNC(=O)c1cccc(-c2c3cc(N)ccc3c3ccc(N)cc3[n+]2C)c1,2.293026686,0.424023926,407,-7.774023,-0.470807,0.016256739
S-Amino Acid Conjugate 13b,R-BIND2,CC(=O)Nc1nc(-c2cccc(NC(=O)C(CNC(=O)C(N)CCCCN)NC(=O)C(N)CCCCN)c2)cs1,2.743944883,1.084973931,408,-4.0141563,0.37730888,0.120299047
S-Amino Acid Conjugate 14b,R-BIND2,CC(=O)Nc1nc(-c2cccc(NC(=O)C(CNC(=O)C(N)CCCN=C(N)N)NC(=O)C(N)CCCNC(=N)N)c2)cs1,2.732649803,1.154428482,409,-3.697922,0.58906746,0.052963037
"Pyrido[2,3-d]pyrimidine 1-3",R-BIND2,CC1Cc2c(N)nc(NCc3ccc(CNc4nc(N)c5c(n4)NC(=O)C(C)C5)cc3)nc2NC1=O,3.710984468,-1.162196875,410,0.76674396,7.3305817,0.299208058
Daunorubicin Hydrochloride,R-BIND2,COc1cccc2c(O)c3c(c(O)c12)C(=O)C1=C(C[C@@](O)(C(C)=O)C[C@@H]1O[C@H]1C[C@H](N)[C@H](O)[C@H](C)O1)C3=O,6.154235363,1.416872025,411,1.18044,7.642209,0.360407947
Compound 5,R-BIND2,COc1ccc(-c2cnc(NCc3cccc(OC)c3)n2C)cc1,0.328903764,-0.479733646,412,20.688076,8.872597,0.750985432
Compound 16,R-BIND2,Cc1ccc2[nH]c(-c3c(O)cn(C4CCCC4)c3N)nc2c1,1.857431889,-1.924432397,413,11.704749,19.433607,0.673577674
1a,R-BIND2,CN(C)CCOc1cc2c(c3ccccc13)-c1ccccc1C2=O,0.546369493,-0.33265084,414,20.833849,14.016542,0.569800879
1b,R-BIND2,OC(CNCC1CCCO1)Cn1c2ccc(Br)cc2c2cc(Br)ccc21,1.924595594,0.773825824,415,11.960809,15.535735,0.546328227
2a,R-BIND2,Fc1nc(N2CCNCC2)c(F)c(Sc2ccc(Cl)cc2)c1F,1.233313799,0.486064851,416,13.587561,-1.9244652,0.845538724
Compound 2,R-BIND2,CCN(CC)CC[n+]1ccc2c(C)c3[nH]c4ccc(O)cc4c3c(C)c2c1,0.812241256,0.036906358,417,17.872122,17.316277,0.51601871
Compound 3,R-BIND2,Cc1c2cc[n+](C)cc2c(C)c2c1[nH]c1ccc(O)cc12,0.917798042,0.932974637,418,21.689957,13.182932,0.473440474
Compound 4,R-BIND2,COc1ccc2[nH]c3c(C)c4ccncc4c(C)c3c2c1,5.226866245,2.272775412,419,21.970337,13.985957,0.555765294
Compound 18 (intronistat A),R-BIND2,CC(=O)c1ccc(-c2ccc3oc(C(=O)c4cc(O)c(O)c(O)c4)cc3c2)cc1,6.511937141,1.383966565,420,-0.110660985,15.017901,0.346880681
Compound 19 (intronistat B),R-BIND2,O=C(NCCN1CCCC1)c1ccc2oc(C(=O)c3cc(O)c(O)c(O)c3)cc2c1,4.303069592,-2.102325916,421,5.1097393,8.80989,0.363778935
Piperine,R-BIND2,O=C(/C=C/C=C/c1ccc2c(c1)OCO2)N1CCCCC1,4.641511917,-2.086480379,422,12.237269,-5.6442184,0.632788302
Compound 3,R-BIND2,COc1ccc(C(=O)c2nc3c(c(-c4ccccc4)c2N)c(=O)oc2ccccc23)cc1,5.954385281,1.638452053,423,-3.9556422,15.859805,0.253192996
Compound 15,R-BIND2,COc1ccc(C(=O)c2nc3c(c(-c4ccccc4)c2N)c(=O)oc2ccc(Br)cc23)cc1,6.018179417,1.597260594,424,-3.9965682,16.09232,0.195981812
PyDH2,R-BIND2,C[n+]1ccc(C=NNC(=O)c2cccc(C(=O)NN=Cc3cc[n+](C)c4ccccc34)n2)c2ccccc21,3.484198809,2.432019949,425,-6.2328005,16.088848,0.211469391
PhenDH2,R-BIND2,C[n+]1ccc(C=NNC(=O)c2ccc3ccc4ccc(C(=O)NN=Cc5cc[n+](C)c6ccccc56)nc4c3n2)c2ccccc21,3.47578764,2.42083025,426,-7.0496864,16.558268,0.127697569
Pseudopalmatine,R-BIND2,COc1cc2c(cc1OC)-c1cc3cc(OC)c(OC)cc3c[n+]1CC2,1.183920741,-0.334142745,427,15.164498,14.441705,0.675154532
4a-10,R-BIND2,CSc1ccc(C=Cc2ccc3nc4c(oc5ccccc54)c(NCCN4CCCC4)c3c2)cc1,1.201928973,0.581023157,428,2.475844,20.143194,0.192919879
4a-16,R-BIND2,CSc1ccc(C=Cc2ccc3nc4c(oc5ccccc54)c(NCCN4CCN(C)CC4)c3c2)cc1,0.850534618,0.39423582,429,2.209488,19.979996,0.195285181
ThT-NE,R-BIND2,CCN(CC)c1ccc(-c2sc3cc(C)ccc3[n+]2C)cc1,0.543685853,1.109625816,430,22.888115,12.809355,0.641297778
Targaprimir-515/885,R-BIND2,CN1CCN(c2ccc3[nH]c(-c4ccc5[nH]c(-c6cc(C(C)(C)C)c(OCCCC(=O)NCCCN=[N+]=[N-])c(C(C)(C)C)c6)nc5c4)nc3c2)CC1,1.674504519,-0.954247534,431,-9.569386,3.2884185,0.051691094
CP2,R-BIND2,CS/C(=N\c1ccc(Cl)cc1)N1CC=Cc2ccccc21,0.682830691,1.207624435,432,24.142752,12.298829,0.529228723
CP6,R-BIND2,Fc1ccc2nncc(SCc3ccccc3)c2c1,4.219868183,2.760050535,433,24.563313,10.914676,0.671112145
CP13,R-BIND2,Cc1cc2ccccc2nc1-c1ccccc1F,4.194734573,2.692460299,434,26.37233,10.108654,0.612815808
BIX01294,R-BIND2,COc1cc2nc(N3CCCN(C)CC3)nc(NC3CCN(Cc4ccccc4)CC3)c2cc1OC,1.073644638,-1.451941133,435,6.942765,11.733117,0.535638006
ADQ,R-BIND2,O=[N+]([O-])c1ccc2c(c1)Nc1oc(-c3ccc(-c4oc5c(c4O)Nc4ccc([N+](=O)[O-])cc4N5)cc3)c(O)c1N2,4.714087486,-0.685078621,436,-9.103069,14.5461645,0.098336883
Compound 9,R-BIND2,Nc1cc2c(=O)c(C(=O)O)cn(Cc3ccccn3)c2nc1N1CCN(c2nc3ccccc3s2)CC1,1.923854947,-2.357188702,437,-7.7414694,15.01323,0.364019002
Compound 10,R-BIND2,Nc1cc2c(=O)c(C(=O)O)cn(CCc3ccccn3)c2nc1N1CCN(c2nc3ccccc3s2)CC1,1.931452513,-2.35323,438,-8.203656,15.463982,0.341625052
Compound 11,R-BIND2,Nc1cc2c(=O)c(C(=O)O)cn(CCN3CCN(c4ccccn4)CC3)c2nc1N1CCN(c2nc3ccccc3s2)CC1,1.875073791,-2.343656063,439,-9.076111,15.133682,0.28112323
Compound 12,R-BIND2,Nc1cc2c(=O)c(C(=O)O)cn(CCCN3CCN(c4ccccn4)CC3)c2nc1N1CCN(c2nc3ccccc3s2)CC1,1.91956532,-2.371845245,440,-8.843797,14.8412075,0.263030777
Compound 4d,R-BIND2,CN1CCN(CCCNc2nc3cc([N+](=O)[O-])ccc3nc2NCc2ccc(NC(=O)C=Cc3ccc(N(C)C)cc3)cc2)CC1,1.687806249,-0.999062061,441,-8.96966,2.163768,0.081645842
Compound 3b,R-BIND2,CN(C)CCCNc1nc2cc([N+](=O)[O-])ccc2nc1NCCCN1CCN(C)CC1,1.58770299,-0.810650706,442,3.61051,2.747817,0.314459318
Compound 4a,R-BIND2,CN(C)CCCNc1nc2cc([N+](=O)[O-])ccc2nc1NCc1ccc(NC(=O)CCCC[C@H]2SCC3NC(=O)NC32)cc1,1.570941806,-0.832072318,443,-8.404262,1.1868382,0.071911929
Compound 4c,R-BIND2,CN1CCN(CCCNc2nc3cc([N+](=O)[O-])ccc3nc2NCc2ccc(NC(=O)CCCCC3SCC4NC(=O)NC43)cc2)CC1,1.64467454,-0.914157391,444,-8.609002,0.8942441,0.068581261
bPGN,R-BIND2,CCCC[C@H]1CCCCCC=c2[nH]c(=Cc3[nH]cc(-c4ccc[nH]4)c3OC)cc21,5.430718899,2.106839895,445,17.172064,17.554472,0.531782726
Obatoclax,R-BIND2,C=c1cc(C)c(=Cc2[nH]cc(-c3cc4ccccc4[nH]3)c2OC)[nH]1,5.349431515,2.221335173,446,21.444254,12.1432295,0.534316339
Prodigiosin,R-BIND2,C=c1[nH]c(=Cc2[nH]cc(-c3ccc[nH]3)c2OC)cc1CCCCC,5.358919621,2.179002762,447,18.673756,11.2062845,0.574059234
BRX1555,R-BIND2,Cc1cc2nc3c(=O)[nH]c(=O)nc-3n(CCCc3ccccc3)c2cc1C,3.11476779,-1.464629889,448,8.08491,14.449173,0.567594266
RG7800,R-BIND2,CCc1nc(C)cn2nc(-c3cc(=O)n4cc(C5CCN(C)CC5)cc(C)c4n3)cc12,2.252189875,-1.024033427,449,5.7287097,19.977972,0.512103406
Compound 8,R-BIND2,O=C(Nc1ccc(C2=NCCN2)cc1)c1cc(C(=O)Nc2ccc(C3=NCCN3)cc2)cc(C(=O)Nc2ccc(C3=NCCN3)cc2)c1,2.457666159,1.799193382,450,-9.460323,14.069203,0.164462314
Compound 10,R-BIND2,O=C(Nc1cccc(C2=NCCN2)c1)c1ccc(-c2ccc(C(=O)Nc3cccc(C4=NCCN4)c3)cc2)cc1,2.497808456,1.825460196,451,-4.967417,17.731077,0.282189261
Linifanib,R-BIND2,CC=C(c1ccc(NC(=O)Nc2cc(C)ccc2F)cc1)C1CN=NC1=N,3.502981424,1.612281084,452,15.53226,5.245357,0.67927452