type,CpdID,hit,SMILES
FDA-approved,,,CC[C@@H](NC(=O)N1C(=O)C(Cc2cc(C)nc(N)c2)C1C(=O)N(C)c1ccn(C)n1)c1cccc(C)c1
FDA-approved,,,COc1cc2c(Nc3ccc(Br)cc3F)ncnc2cc1OCC1CCN(C)CC1
FDA-approved,,,Cc1ccc2c(c1)c(/C=C/c1cc[n+](C)cc1)c(C)n2C
FDA-approved,,,COc1cccc2sc(Nc3nnc(-c4cccs4)o3)nc12
FDA-approved,,,Nc1nc(=O)c2c([nH]1)NC[C@H](CNc1ccc(C(=O)NC(CCC(=O)O)C(=O)O)cc1)N2C=O
FDA-approved,,,CC(C)(C)NC(=O)C1CN(Cc2cccnc2)CCN1C[C@@H](O)CC(Cc1ccccc1)C(=O)N[C@H]1c2ccccc2C[C@H]1O
FDA-approved,,,Cc1c(O)cccc1C(=O)N[C@@H](CSc1ccccc1)[C@H](O)CN1C[C@H]2CCCC[C@H]2CC1C(=O)NC(C)(C)C
FDA-approved,,,CC(C)(C)NC(=O)C1C[C@@H]2CCCC[C@@H]2CN1C[C@@H](O)[C@H](Cc1ccccc1)NC(=O)C(CC(N)=O)NC(=O)c1ccc2ccccc2n1
FDA-approved,,,CCC[C@@]1(CCc2ccccc2)CC(=O)C([C@H](CC)c2cccc(NS(=O)(=O)c3ccc(C(F)(F)F)cn3)c2)C(=O)O1
FDA-approved,,,CC(C)CN(C[C@@H](O)[C@H](Cc1ccccc1)NC(=O)O[C@H]1CCOC1)S(=O)(=O)c1ccc(N)cc1
FDA-approved,,,Cc1cccc(C)c1OCC(=O)N[C@@H](Cc1ccccc1)[C@@H](O)C[C@H](Cc1ccccc1)NC(=O)C(C(C)C)N1CCCNC1=O
FDA-approved,,,CCC(c1ccccc1)c1c(O)c2ccccc2oc1=O
FDA-approved,,,Cc1ccnc2c1NC(=O)c1cccnc1N2C1CC1
FDA-approved,,,CC(C)Nc1cccnc1N1CCN(C(=O)c2cc3cc(NS(C)(=O)=O)ccc3[nH]2)CC1
FDA-approved,,,O=C1Nc2ccc(Cl)cc2[C@@](C#CC2CC2)(C(F)(F)F)O1
FDA-approved,,,COc1cc(Nc2c(C#N)cnc3cc(OCCCN4CCN(C)CC4)c(OC)cc23)c(Cl)cc1Cl
FDA-approved,,,C=c1[nH]c(=Cc2c(O)[nH]c3ccc(F)cc23)c(C)c1C(=O)NCCN(CC)CC
FDA-approved,,,CC(=O)N[C@H]1[C@H]([C@H](O)[C@H](O)CO)OC(C(=O)O)=C[C@@H]1N=C(N)N
FDA-approved,,,CCOC(=O)C1=C[C@@H](OC(CC)CC)[C@H](NC(C)=O)[C@@H](N)C1
FDA-approved,,,CS(=O)(=O)CCNCc1ccc(-c2ccc3ncnc(Nc4ccc(OCc5cccc(F)c5)c(Cl)c4)c3c2)o1
FDA-approved,,,C#Cc1cccc(Nc2ncnc3cc(OCCOC)c(OCCOC)cc23)c1
FDA-approved,,,COc1cc2ncnc(Nc3ccc(F)c(Cl)c3)c2cc1OCCCN1CCOCC1
FDA-approved,,,CC(=O)c1c(C)c2cnc(Nc3ccc(N4CCNCC4)cn3)nc2n(C2CCCC2)c1=O
FDA-approved,,,Nc1nc(N)c2nc(-c3ccccc3)c(N)nc2n1
FDA-approved,,,O=C(NC[C@H]1CN(c2ccc(N3CCOCC3=O)cc2)C(=O)O1)c1ccc(Cl)s1
FDA-approved,,,NCCc1c[nH]cn1
FDA-approved,,,NCCS
FDA-approved,,,NCCO
FDA-approved,,,CC(C)CN(C[C@@H](O)[C@H](Cc1ccccc1)NC(=O)O[C@H]1CO[C@H]2OCC[C@H]21)S(=O)(=O)c1ccc(N)cc1
FDA-approved,,,CC(=O)N1CCN(c2ccc(OC[C@H]3CO[C@](Cn4ccnc4)(c4ccc(Cl)cc4Cl)O3)cc2)CC1
FDA-approved,,,Oc1cc(Cl)ccc1Oc1ccc(Cl)cc1Cl
FDA-approved,,,C[C@]12CC[C@H]3[C@@H](CC=C4CC(=O)CC[C@@]43C)[C@@H]1CC[C@@H]2O
FDA-approved,,,CC(=O)C1CC[C@H]2[C@@H]3CC=C4CC(=O)CC[C@]4(C)[C@H]3CC[C@]12C
FDA-approved,,,CCN(CC)C(C)CN1c2ccccc2Sc2ccccc21
FDA-approved,,,COc1cc2c(cc1OC)C(=O)C(CC1CCN(Cc3ccccc3)CC1)C2
FDA-approved,,,Nc1c2c(nc3ccccc13)CCCC2
FDA-approved,,,CCC1(c2ccc(N)cc2)CCC(=O)NC1=O
FDA-approved,,,CC(C)(C#N)c1cc(Cn2cncn2)cc(C(C)(C)C#N)c1
FDA-approved,,,COc1ccc2c3c1O[C@H]1C[C@@H](O)C=C[C@@]31CCN(C)C2
FDA-approved,,,Nc1ccncc1
FDA-approved,,,CCN(C)C(=O)Oc1cccc([C@H](C)N(C)C)c1
FDA-approved,,,CC(=O)OCC[N+](C)(C)C
FDA-approved,,,Cn1c(=O)c2[nH]cnc2n(C)c1=O
FDA-approved,,,Cn1c(=O)c2c(ncn2C)n(C)c1=O
FDA-approved,,,CC(=O)CCCCn1c(=O)c2c(ncn2C)n(C)c1=O
FDA-approved,,,O=C=O
FDA-approved,,,Nc1ccc(S(N)(=O)=O)cc1
FDA-approved,,,NCc1ccc(S(N)(=O)=O)cc1
FDA-approved,,,CC(=O)Nc1nnc(S(N)(=O)=O)s1
FDA-approved,,,CC(=O)N=c1sc(S(N)(=O)=O)nn1C
FDA-approved,,,CCOc1ccc2nc(S(N)(=O)=O)sc2c1
FDA-approved,,,CCN[C@H]1CN(CCCOC)S(=O)(=O)c2sc(S(N)(=O)=O)cc21
FDA-approved,,,NS(=O)(=O)Cc1noc2ccccc12
FDA-approved,,,C#CCN[C@@H]1CCc2ccccc21
FDA-approved,,,N[C@@H](CC(=O)N1CCn2c(nnc2C(F)(F)F)C1)Cc1cc(F)c(F)cc1F
FDA-approved,,,O=C(Nc1ccc([N+](=O)[O-])cc1Cl)c1cc(Cl)ccc1O
FDA-approved,,,N#C[C@@H]1C[C@@H]2C[C@@H]2N1C(=O)C(N)C12CC3CC(CC(O)(C3)C1)C2
FDA-approved,,,Cc1ccc(-c2cc(C(F)(F)F)nn2-c2ccc(S(N)(=O)=O)cc2)cc1
FDA-approved,,,CC(C)(C)NC(=O)NC(C(=O)N1C[C@H]2C(C1C(=O)NC(CC1CCC1)C(=O)C(N)=O)C2(C)C)C(C)(C)C
FDA-approved,,,O=P(O)(O)C(O)(Cn1ccnc1)P(=O)(O)O
FDA-approved,,,N#Cc1ccc(C(c2ccc(C#N)cc2)n2cncn2)cc1
FDA-approved,,,Cc1onc(-c2ccccc2)c1-c1ccc(S(N)(=O)=O)cc1
FDA-approved,,,O=C(O)Cc1ccccc1Nc1c(Cl)cccc1Cl
FDA-approved,,,NS(=O)(=O)c1cc2c(cc1Cl)NCNS2(=O)=O
FDA-approved,,,Cc1nc(Nc2ncc(C(=O)Nc3c(C)cccc3Cl)s2)cc(N2CCN(CCO)CC2)n1
FDA-approved,,,Cc1ccc(NC(=O)c2ccc(CN3CCN(C)CC3)cc2)cc1Nc1nccc(-c2cccnc2)n1
FDA-approved,,,C[C@]12CCC(=O)CC1=CC[C@@H]1[C@@H]2[C@@H](O)C[C@@]2(C)[C@H]1CC[C@]2(O)C(=O)CO
FDA-approved,,,COC(=O)NC(C(=O)N[C@@H](Cc1ccccc1)[C@@H](O)CN(Cc1ccc(-c2ccccn2)cc1)NC(=O)C(NC(=O)OC)C(C)(C)C)C(C)(C)C
FDA-approved,,,Clc1cccc(Cl)c1NC1=NCCN1
FDA-approved,,,CCCc1nn(C)c2c(=O)[nH]c(-c3cc(S(=O)(=O)N4CCN(C)CC4)ccc3OCC)nc12
FDA-approved,,,Nc1ncnc2c1ncn2[C@@H]1O[C@H](CO)[C@@H](O)[C@H]1O
FDA-approved,,,CC(=O)C(C#N)C(=O)Nc1ccc(C(F)(F)F)cc1
FDA-approved,,,O=C(Nc1c(Cl)cncc1Cl)c1ccc(OC(F)F)c(OCC2CC2)c1
FDA-approved,,,CN1CC(=O)N2C(Cc3c([nH]c4ccccc34)[C@H]2c2ccc3c(c2)OCO3)C1=O
FDA-approved,,,Cc1[nH]c(=O)c(C#N)cc1-c1ccncc1
FDA-approved,,,C#CCN(C)[C@H](C)Cc1ccccc1
FDA-approved,,,N=C(N)NC(=O)c1nc(Cl)c(N)nc1N
FDA-approved,,,Cn1c(=O)cc(N2CCC[C@@H](N)C2)n(Cc2ccccc2C#N)c1=O
FDA-approved,,,Oc1c(C2=CCC(c3ccc(Cl)cc3)CC2)c(O)c2ccccc2c1O
FDA-approved,,,OCc1ccccc1
FDA-approved,,,CNC(=O)c1cc(Oc2ccc(NC(=O)Nc3ccc(Cl)c(C(F)(F)F)c3)cc2)ccn1
FDA-approved,,,C[C@]12CC[C@@H]3c4ccc(O)cc4CC[C@H]3[C@@H]1CCC2=O
FDA-approved,,,C[C@]12CC[C@@H]3c4ccc(O)cc4CC[C@H]3[C@@H]1CC[C@@H]2O
FDA-approved,,,COc1ccc2c(c1)c(CC(=O)O)c(C)n2C(=O)c1ccc(Cl)cc1
FDA-approved,,,COCCCOc1cc(C[C@@H](C[C@H](N)[C@@H](O)CC(C(=O)NCC(C)(C)C(N)=O)C(C)C)C(C)C)ccc1OC
FDA-approved,,,CN(Cc1cnc2nc(N)nc(N)c2n1)c1ccc(C(=O)NC(CCC(=O)O)C(=O)O)cc1
FDA-approved,,,COc1cc(Cc2cnc(N)nc2N)cc(OC)c1OC
FDA-approved,,,NC(CC(=O)O)C(=O)O
FDA-approved,,,NCC(=O)O
FDA-approved,,,Nc1ncnc2c1ncn2[C@@H]1O[C@H](COP(=O)(O)O)[C@@H](O)[C@H]1O
FDA-approved,,,C[C@]1(O)CC[C@H]2[C@@H]3CC=C4CC(=O)CC[C@]4(C)[C@@]3(F)[C@@H](O)C[C@@]21C
FDA-approved,,,C[C@@H]1C[C@H]2[C@@H]3CC=C4CC(=O)C=C[C@]4(C)[C@@]3(F)[C@@H](O)C[C@]2(C)[C@@]1(O)C(=O)CO
FDA-approved,,,COc1cc(NCc2ccc3nc(N)nc(N)c3c2C)cc(OC)c1OC
FDA-approved,,,CCCCN1C[C@H](O)[C@@H](O)[C@H](O)[C@H]1CO
FDA-approved,,,CC(C)=c1nc(N(C)S(C)(=O)=O)nc(-c2ccc(F)cc2)c1=CC[C@@H](O)C[C@@H](O)CC(=O)O
FDA-approved,,,CCC(C)(C)C(=O)O[C@H]1C[C@@H](C)C=C2C=C[C@H](C)[C@H](CC[C@@H](O)C[C@@H](O)CC(=O)O)[C@H]21
FDA-approved,,,COCc1c(-c2ccc(F)cc2)c(=CC[C@@H](O)C[C@@H](O)CC(=O)O)c(C(C)C)nc1=C(C)C
FDA-approved,,,CC(O)(CS(=O)(=O)c1ccc(F)cc1)C(=O)Nc1ccc(C#N)c(C(F)(F)F)c1
FDA-approved,,,CC#C[C@]1(O)CC[C@H]2C3=C(C4=C(CC3)CC(=O)CC4)C(c3ccc(N(C)C)cc3)C[C@@]21C
FDA-approved,,,Nc1nc(=O)c2c(CCc3ccc(C(=O)NC(CCC(=O)O)C(=O)O)cc3)c[nH]c2[nH]1
FDA-approved,,,NC(Cc1cc(I)c(Oc2ccc(O)c(I)c2)c(I)c1)C(=O)O
FDA-approved,,,CCCCc1oc2ccccc2c1C(=O)c1cc(I)c(OCCN(CC)CC)c(I)c1
FDA-approved,,,COc1ccc(-n2nc(C(N)=O)c3c2C(=O)N(c2ccc(N4CCCCC4=O)cc2)CC3)cc1
FDA-approved,,,O=C(CCCCCCC(O)=NO)Nc1ccccc1
FDA-approved,,,CCC1=NC(=O)C2CSSCC/C=C/[C@H](CC(=O)NC(C(C)C)C(=O)N2)OC(=O)C(C(C)C)NC1=O
FDA-approved,,,CC(NCc1ccc(OCc2cccc(F)c2)cc1)C(N)=O
FDA-approved,,,C[C@]12C=CC(=O)CC1=CC[C@@H]1[C@@H]2[C@@H](O)C[C@@]2(C)[C@H]1CC[C@]2(O)C(=O)CO
FDA-approved,,,COc1c(C)c2c(c(O)c1C/C=C(\C)CCC(=O)O)C(=O)OC2
FDA-approved,,,O=C(c1ccc(OCCN2CCCCC2)cc1)c1c(-c2ccc(O)cc2)sc2cc(O)ccc12
FDA-approved,,,N=C1CCCN1Cc1[nH]c(=O)[nH]c(=O)c1Cl
FDA-approved,,,COc1cc(CNC(=O)CCCC/C=C/C(C)C)ccc1O
FDA-approved,,,CC/C(=C(\c1ccccc1)c1ccc(OCCN(C)C)cc1)c1ccccc1
FDA-approved,,,CC=C(c1ccc(O)cc1)C(CC)c1ccc(O)cc1
FDA-approved,,,CCC(C)C(=O)O[C@H]1C[C@H](O)C=C2C=C[C@H](C)[C@H](CC[C@@H](O)C[C@@H](O)CC(=O)O)[C@H]21
FDA-approved,,,CCOc1ccc(Cc2cc([C@@H]3O[C@H](CO)[C@@H](O)[C@H](O)[C@H]3O)ccc2Cl)cc1
FDA-approved,,,Cc1ncc2n1-c1ccc(Cl)cc1C(c1ccccc1F)=NC2
FDA-approved,,,O=C(CCCN1CCC(O)(c2ccc(Cl)cc2)CC1)c1ccc(F)cc1
FDA-approved,,,CC(CS)C(=O)N1CCCC1C(=O)O
FDA-approved,,,C[C@H](CCC(=O)O)[C@H]1CC[C@H]2[C@@H]3[C@H](O)C[C@@H]4C[C@H](O)CC[C@]4(C)[C@H]3CC[C@]12C
FDA-approved,,,CC[C@H]1[C@@H](O)[C@@H]2[C@H](CC[C@]3(C)[C@@H]([C@H](C)CCC(=O)O)CC[C@@H]23)[C@@]2(C)CC[C@@H](O)C[C@@H]12
FDA-approved,,,C[C@H](CCC(=O)O)[C@H]1CC[C@H]2[C@@H]3[C@H](O)C[C@@H]4C[C@H](O)CC[C@]4(C)[C@H]3C[C@H](O)[C@]12C
FDA-approved,,,O=C(O)c1cn(C2CC2)c2cc(N3CCNCC3)c(F)cc2c1=O
FDA-approved,,,CCn1cc(C(=O)O)c(=O)c2ccc(C)nc21
FDA-approved,,,N=C(N)NCCCC(N)C(=O)O
FDA-approved,,,CC(C)c1c(C(=O)Nc2ccccc2)c(-c2ccccc2)c(-c2ccc(F)cc2)n1CC[C@@H](O)C[C@@H](O)CC(=O)O
FDA-approved,,,CC(=O)Oc1ccccc1C(=O)O
FDA-approved,,,CS(=O)(=O)c1ccc(C2=C(c3ccccc3)C(=O)OC2)cc1
FDA-approved,,,CC(Cc1ccc(O)c(O)c1)C(C)Cc1ccc(O)c(O)c1
FDA-approved,,,Fc1ccc([C@@H]2CCNC[C@H]2COc2ccc3c(c2)OCO3)cc1
FDA-approved,,,COC(=O)C1[C@@H](OC(=O)c2ccccc2)C[C@@H]2CC[C@H]1N2C
FDA-approved,,,COc1ccc(CN(CCN(C)C)c2ccccn2)cc1
FDA-approved,,,CN1CCC(=C2c3ccccc3CCc3cccnc32)CC1
FDA-approved,,,CN1CCN(C2=Nc3cc(Cl)ccc3Nc3ccccc32)CC1
FDA-approved,,,Clc1ccc2c(c1)C(N1CCNCC1)=Nc1ccccc1O2
FDA-approved,,,CN1CCN(C2=Nc3ccccc3Oc3ccc(Cl)cc32)CC1
FDA-approved,,,CC(C)(C(=O)O)c1ccc(C(O)CCCN2CCC(C(O)(c3ccccc3)c3ccccc3)CC2)cc1
FDA-approved,,,OCCOCCN1CCN(C(c2ccccc2)c2ccc(Cl)cc2)CC1
FDA-approved,,,CCOC(=O)N1CCC(=C2c3ccc(Cl)cc3CCc3cccnc32)CC1
FDA-approved,,,CN=C(NC#N)NCCSCc1[nH]cnc1C
FDA-approved,,,O=C(O)COCCN1CCN(C(c2ccccc2)c2ccc(Cl)cc2)CC1
FDA-approved,,,N=C(CCSCc1csc(N=C(N)N)n1)NS(N)(=O)=O
FDA-approved,,,CN/C([CH-][N+](=O)[O-])=[NH+]\CCSCc1ccc(CN(C)C)o1
FDA-approved,,,OC[C@H]1O[C@@H](n2cnc3c2N=CNC[C@H]3O)C[C@@H]1O
FDA-approved,,,CCN(CC)CCCC(C)Nc1ccnc2cc(Cl)ccc12
FDA-approved,,,CC(O)C(=O)O
FDA-approved,,,C[C@H]1O[C@H](O[C@H]2[C@H](O)[C@@H](O)[C@@H](O[C@H]3[C@H](O)[C@@H](O)C(O)O[C@@H]3CO)O[C@@H]2CO)[C@H](O)[C@@H](O)[C@@H]1N[C@H]1C=C(CO)[C@@H](O)[C@H](O)[C@H]1O
FDA-approved,,,CCCCCCCCCC(=O)O
FDA-approved,,,O=C(N[C@H](CO)[C@H](O)c1ccc([N+](=O)[O-])cc1)C(Cl)Cl
FDA-approved,,,O=C(O)c1cccnc1
FDA-approved,,,OCCN(CCO)c1nc(N2CCCCC2)c2nc(N(CCO)CCO)nc(N3CCCCC3)c2n1
FDA-approved,,,CC#CCC(C)[C@H](O)/C=C/[C@@H]1[C@H]2C/C(=C/CCCC(=O)O)C[C@H]2C[C@H]1O
FDA-approved,,,NCC(CC(=O)O)c1ccc(Cl)cc1
FDA-approved,,,CCCCCCCCCCC[C@@H](C[C@@H]1OC(=O)C1CCCCCC)OC(=O)C(CC(C)C)NC=O
FDA-approved,,,CC1=CC(=O)c2ccccc2C1=O
FDA-approved,,,CC(C=Cc1c(C)c(O)c2ccccc2c1O)=CCC[C@H](C)CCC[C@H](C)CCCC(C)C
FDA-approved,,,NC(N)=O
FDA-approved,,,CNC(=O)c1ccccc1Sc1ccc2c(C=Cc3ccccn3)[nH]nc2c1
FDA-approved,,,O=S(=O)(Nc1ccccc1)c1cccc(/C=C/C(O)=NO)c1
FDA-approved,,,NCCCC(O)(P(=O)(O)O)P(=O)(O)O
FDA-approved,,,Cc1nnc(C(=O)NC(C)(C)c2nc(C(=O)NCc3ccc(F)cc3)c(O)c(=O)n2C)o1
FDA-approved,,,CC(C)NCC(O)c1ccc(O)c(O)c1
FDA-approved,,,CC(C)NCC(O)COc1ccc(COCCOC(C)C)cc1
FDA-approved,,,CC(C)NC[C@H](O)COc1ccc(CCOCC2CC2)cc1
FDA-approved,,,CC(C)NCC(O)COc1ccc(CC(N)=O)cc1
FDA-approved,,,CCCC(=O)Nc1ccc(OCC(O)CNC(C)C)c(C(C)=O)c1
FDA-approved,,,COCCc1ccc(OCC(O)CNC(C)C)cc1
FDA-approved,,,CC(CCc1ccccc1)NCC(O)c1ccc(O)c(C(N)=O)c1
FDA-approved,,,COc1ccccc1OCCNCC(O)COc1cccc2[nH]c3ccccc3c12
FDA-approved,,,CC(C)NCC(O)COc1cccc2ccccc12
FDA-approved,,,CC(C)NCC(O)c1ccc(NS(C)(=O)=O)cc1
FDA-approved,,,CC(C)(C)NCC(O)COc1cccc2c1C[C@H](O)[C@H](O)C2
FDA-approved,,,CC(C)(C)NCC(O)COc1nsnc1N1CCOCC1
FDA-approved,,,CC(C)(C)NCC(O)c1ccc(O)c(CO)c1
FDA-approved,,,CC(C)(C)NCC(O)c1cc(O)cc(O)c1
FDA-approved,,,OCc1cc(C(O)CNCCCCCCOCCCCc2ccccc2)ccc1O
FDA-approved,,,OC(Cn1cncn1)(Cn1cncn1)c1ccc(F)cc1F
FDA-approved,,,CN(C)CCCC1(c2ccc(F)cc2)OCc2cc(C#N)ccc21
FDA-approved,,,NS(=O)(=O)c1cc2c(cc1C(F)(F)F)NCNS2(=O)=O
FDA-approved,,,CCC1NC(=O)c2cc(S(N)(=O)=O)c(Cl)cc2N1
FDA-approved,,,Cc1ccccc1N1C(=O)c2cc(S(N)(=O)=O)c(Cl)cc2NC1C
FDA-approved,,,NS(=O)(=O)c1cc(C2(O)NC(=O)c3ccccc32)ccc1Cl
FDA-approved,,,CC1Cc2ccccc2N1NC(=O)c1ccc(Cl)c(S(N)(=O)=O)c1
FDA-approved,,,NS(=O)(=O)c1cc(C(=O)O)c(NCc2ccco2)cc1Cl
FDA-approved,,,CCCCNc1cc(C(=O)O)cc(S(N)(=O)=O)c1Oc1ccccc1
FDA-approved,,,CCCC(=O)O
FDA-approved,,,O=C(O)CCC(=O)O
FDA-approved,,,CC(=O)Nc1ccc(O)cc1
FDA-approved,,,CCOC(=O)c1ncn2c1CN(C)C(=O)c1cc(F)ccc1-2
FDA-approved,,,CN1CCN(C(=O)Oc2c3nccnc3c(O)n2-c2ccc(Cl)cn2)CC1
FDA-approved,,,Cc1ccc(-c2nc3ccc(C)cn3c2CC(=O)N(C)C)cc1
FDA-approved,,,Cc1ccc(Nc2nccc(N(C)c3ccc4c(C)n(C)nc4c3)n2)cc1S(N)(=O)=O
FDA-approved,,,Cl
FDA-approved,,,I
FDA-approved,,,O=C(O)O
FDA-approved,,,O=C(O)O
FDA-approved,,,NS(=O)(=O)c1cc2c(cc1Cl)NC(C(Cl)Cl)NS2(=O)=O
FDA-approved,,,NC(=O)c1cccnc1
FDA-approved,,,O=C(c1cc(Cc2n[nH]c(=O)c3ccccc23)ccc1F)N1CCN(C(=O)C2CC2)CC1
FDA-approved,,,CN(CCOc1ccc(Cc2sc(=O)[nH]c2O)cc1)c1ccccn1
FDA-approved,,,CC(C)(Oc1ccc(Cl)cc1)C(=O)O
FDA-approved,,,CC(C)(Oc1ccc(C(=O)c2ccc(Cl)cc2)cc1)C(=O)O
FDA-approved,,,CC(Oc1ccc(Oc2ccc(Cl)cc2)cc1)C(=O)O
FDA-approved,,,COc1cc2nc(N3CCN(C(=O)c4ccco4)CC3)nc(N)c2cc1OC
FDA-approved,,,Cc1[nH]c2ccccc2c1CCNCc1ccc(/C=C/C(O)=NO)cc1
FDA-approved,,,CN1CCc2cccc3c2[C@H]1Cc1ccc(O)c(O)c1-3
FDA-approved,,,CNCCC(Oc1ccc(C(F)(F)F)cc1)c1ccccc1
FDA-approved,,,Nc1nc2ccc(OC(F)(F)F)cc2s1
FDA-approved,,,CC[C@@H](CO)NC(=O)C1C=C2c3cccc4c3c(cn4C)C[C@H]2N(C)C1
FDA-approved,,,Cc1cc(C(C)(C)C)c(O)c(C)c1CC1=NCCN1
FDA-approved,,,Cc1ccc(N(CC2=NCCN2)c2cccc(O)c2)cc1
FDA-approved,,,Oc1c(Cl)cc(Cl)c(Cl)c1Cc1c(O)c(Cl)cc(Cl)c1Cl
FDA-approved,,,CC(=O)N1CCN(c2ccc(OC[C@@H]3CO[C@@](Cn4ccnc4)(c4ccc(Cl)cc4Cl)O3)cc2)CC1
FDA-approved,,,CC(C)N1CCN(c2ccc(OC[C@@H]3CO[C@@](Cn4cncn4)(c4ccc(Cl)cc4Cl)O3)cc2)CC1
FDA-approved,,,Clc1ccc(CSC(Cn2ccnc2)c2ccc(Cl)cc2Cl)cc1
FDA-approved,,,Clc1ccc(COC(Cn2ccnc2)c2ccc(Cl)cc2Cl)c(Cl)c1
FDA-approved,,,Clc1ccc(COC(Cn2ccnc2)c2ccc(Cl)cc2Cl)cc1
FDA-approved,,,Clc1ccccc1C(c1ccccc1)(c1ccccc1)n1ccnc1
FDA-approved,,,COC1=CC(=O)C[C@@H](C)[C@]12Oc1c(Cl)c(OC)cc(OC)c1C2=O
FDA-approved,,,CC1=C(/C=C/C(C)=C/C=C/C(C)=C/C(=O)O)C(C)(C)CCC1
FDA-approved,,,CC1=C(/C=C/C(C)=C\C=C\C(C)=C\C(=O)O)C(C)(C)CCC1
FDA-approved,,,Nc1ccn(C[C@@H](CO)OCP(=O)(O)O)c(=O)n1
FDA-approved,,,COc1cccc2c(O)c3c(c(O)c12)C(=O)C1=C(C[C@@](O)(C(C)=O)C[C@@H]1O[C@H]1C[C@H](N)[C@H](O)[C@H](C)O1)C3=O
FDA-approved,,,COc1cccc2c(O)c3c(c(O)c12)C(=O)C1=C(C[C@@](O)(C(=O)CO)C[C@@H]1O[C@H]1C[C@H](N)[C@H](O)[C@H](C)O1)C3=O
FDA-approved,,,CN(C)C1C(=O)C(C(N)=O)C(=O)[C@@]2(O)C(=O)C3C(=O)c4c(O)cccc4[C@@](C)(O)[C@H]3C[C@@H]12
FDA-approved,,,Oc1c(Cl)cc(Cl)c2cccnc12
FDA-approved,,,Oc1c(I)cc(Cl)c2cccnc12
FDA-approved,,,OC[C@H]1OC(O)[C@H](O)[C@@H](O)[C@@H]1O
FDA-approved,,,CCC(C)C(=O)O[C@H]1C[C@@H](C)C=C2C=C[C@H](C)[C@H](CC[C@@H]3C[C@@H](O)CC(=O)O3)[C@H]21
FDA-approved,,,NC(=O)N1c2ccccc2CC(=O)c2ccccc21
FDA-approved,,,Brc1c(NC2=NCCN2)ccc2nccnc12
FDA-approved,,,Nc1cc(-c2ccncc2)c[nH]c1=O
FDA-approved,,,CNCCCC12CCC(c3ccccc31)c1ccccc12
FDA-approved,,,CNCCCN1c2ccccc2CCc2ccccc21
FDA-approved,,,NCC(O)c1ccc(O)c(O)c1
FDA-approved,,,Cc1cc2c(s1)Nc1ccccc1N=C2N1CCN(C)CC1
FDA-approved,,,O=c1[nH]cnc2[nH]ncc12
FDA-approved,,,O=c1c(Cc2c(O)oc3ccccc3c2=O)c(O)oc2ccccc12
FDA-approved,,,Cc1ccccc1C(=O)Nc1ccc(C(=O)N2CCCC(O)c3cc(Cl)ccc32)c(C)c1
FDA-approved,,,CCCCC[C@H](O)/C=C/[C@@H]1C(C/C=C\CCCC(=O)O)C(=O)C[C@H]1O
FDA-approved,,,CC(C)(O)C(=O)Nc1ccc([N+](=O)[O-])c(C(F)(F)F)c1
FDA-approved,,,CN(C)CCC(c1ccc(Cl)cc1)c1ccccn1
FDA-approved,,,CNC[C@H](O)c1cccc(O)c1
FDA-approved,,,CN[C@@H](C)[C@@H](O)c1ccccc1
FDA-approved,,,O=S(=O)(O)c1ccc2ccccc2c1
FDA-approved,,,CCCCC(=O)O
FDA-approved,,,COc1ccc(O)cc1
FDA-approved,,,CN(C)c1ccc(O)c2c1CC1CC3C(N(C)C)C(=O)C(C(N)=O)C(=O)[C@]3(O)C(=O)C1C2=O
FDA-approved,,,CN(C)C1C(=O)C(C(N)=O)C(=O)[C@@]2(O)C(=O)C3C(=O)c4c(O)ccc(Cl)c4[C@@](C)(O)C3C[C@@H]12
FDA-approved,,,CN(C)C1C(=O)C(C(N)=O)C(=O)[C@@]2(O)C(=O)C3C(=O)c4c(O)cccc4[C@@](C)(O)[C@H]3[C@H](O)[C@@H]12
FDA-approved,,,CN(C)c1nc(N(C)C)nc(N(C)C)n1
FDA-approved,,,O=C(O)c1cc2ccccc2c(Cc2c(O)c(C(=O)O)cc3ccccc23)c1O
FDA-approved,,,Nc1nc(Cl)nc2c1ncn2[C@H]1C[C@H](O)[C@@H](CO)O1
FDA-approved,,,CCCC(CCC)C(=O)OC1C[C@H]2CC[C@@H](C1)[N+]2(C)C
FDA-approved,,,Nc1ccc(S(=O)(=O)Nc2ccccn2)cc1
FDA-approved,,,CC(C[N+](C)(C)C)OC(N)=O
FDA-approved,,,CCN(CC)CCNC(=O)c1ccc(N)cc1
FDA-approved,,,CC(C)(S)C(N)C(=O)O
FDA-approved,,,CCC(=O)O[C@]1(C(=O)CCl)[C@@H](C)C[C@H]2[C@@H]3CC=C4CC(=O)C=C[C@]4(C)[C@@]3(F)[C@@H](O)C[C@@]21C
FDA-approved,,,CCN1CCN(C(=O)NC(C(=O)NC2C(=O)N3C2SC(C)(C)C3C(=O)O)c2ccccc2)C(=O)C1=O
FDA-approved,,,CCn1nc(C(=O)O)c(=O)c2cc3c(cc21)OCO3
FDA-approved,,,NS(=O)(=O)c1cc2c(cc1Cl)N=CNS2(=O)=O
FDA-approved,,,C#CCN(C)C(C)Cc1ccccc1
FDA-approved,,,COc1ccc2cc(CCC(C)=O)ccc2c1
FDA-approved,,,CC=C(C(=CC)c1ccc(O)cc1)c1ccc(O)cc1
FDA-approved,,,CCOC(=O)C1=C(C)N=C(C)C(C(=O)OC)C1c1cccc(Cl)c1Cl
FDA-approved,,,C[C@]12C=CC(=O)CC1=CC[C@H]1[C@@H]3C[C@@H](O)[C@](O)(C(=O)CO)[C@@]3(C)C[C@H](O)[C@@]12F
FDA-approved,,,NC(C(=O)NC1C(=O)N2C(C(=O)O)=C(Cl)CSC12)c1ccccc1
FDA-approved,,,O=S(=O)(c1ccc(Cl)cc1Br)N1CCCCC1
FDA-approved,,,CCN(C1CCCCC1)S(=O)(=O)c1cc(C)ccc1OC
FDA-approved,,,CC1CCN(S(=O)(=O)c2ccc(Br)s2)CC1
FDA-approved,,,N=C(N)c1ccc(OCCCCCOc2ccc(C(=N)N)cc2)cc1
FDA-approved,,,Cc1c(OCC(F)(F)F)ccnc1CS(=O)c1nc2ccccc2[nH]1
FDA-approved,,,CC(=O)N(O)CCCCCNC(=O)CCC(=O)N(O)CCCCCNC(=O)CCC(=O)N(O)CCCCCN
FDA-approved,,,Nc1ccc(C(=O)O)c(O)c1
FDA-approved,,,CCN(CC)CCNC(=O)c1cc(Cl)c(N)cc1OC
FDA-approved,,,C[C@](N)(Cc1ccc(O)c(O)c1)C(=O)O
FDA-approved,,,CCCCOc1cc(C(=O)NCCN(CC)CC)c2ccccc2n1
FDA-approved,,,CC(=O)OC(C)C[N+](C)(C)C
FDA-approved,,,CCOC(=O)Cn1c(=O)c2c(nc(N3CCCCC3)n2Cc2ccccc2)n(C)c1=O
FDA-approved,,,CCC(NC(C)C)C(O)c1ccc(O)c(O)c1
FDA-approved,,,CC1c2cccc(O)c2C(=O)C2C(=O)[C@]3(O)C(=O)C(C(N)=O)C(=O)C(N(C)C)[C@@H]3[C@@H](O)[C@@H]21
FDA-approved,,,CN(C)c1ccc(O)c2c1CC1CC3C(N(C)C)C(=O)C(C(N)=O)C(=O)[C@@]3(O)C(=O)C1C2=O
FDA-approved,,,C=CC1=C(C(=O)O)N2C(=O)C(NC(=O)C(=NO)c3csc(N)n3)C2SC1
FDA-approved,,,CC1c2cccc(O)c2C(=O)C2C(=O)[C@]3(O)C(=O)C(C(N)=O)C(=O)C(N(C)C)C3C(O)C21
FDA-approved,,,CN(C)C1C(=O)C(C(N)=O)C(=O)[C@@]2(O)C(=O)C3C(=O)c4c(O)cccc4[C@@](C)(O)C3C(O)C12
FDA-approved,,,C[C@H]1C[C@H]2[C@@H]3CC=C4CC(=O)C=C[C@]4(C)[C@@]3(Cl)[C@@H](O)C[C@]2(C)[C@@]1(O)C(=O)CO
FDA-approved,,,Cn1nnnc1SCC1=C(C(=O)O)N2C(=O)C(NC(=O)C(O)c3ccccc3)C2SC1
FDA-approved,,,CC(=O)OCC1=C(C(=O)O)N2C(=O)C(NC(=O)Cc3cccs3)C2SC1
FDA-approved,,,C[C@H](CCC(=O)O)[C@H]1CC[C@H]2[C@@H]3[C@@H](O)C[C@@H]4C[C@H](O)CC[C@]4(C)[C@H]3CC[C@]12C
FDA-approved,,,CC(C(=O)O)c1cccc(Oc2ccccc2)c1
FDA-approved,,,C=CCN1CC[C@]23c4c5ccc(O)c4OC2C(=O)CC[C@@]3(O)[C@H]1C5
FDA-approved,,,CC1=C(/C=C/C(C)=C/C=C/C(C)=C/C=C/C=C(C)/C=C/C=C(C)/C=C/C2=C(C)CCCC2(C)C)C(C)(C)CCC1
FDA-approved,,,NCCc1ccc(O)c(O)c1
FDA-approved,,,CCN(CC)CCOc1ccc(/C(=C(/Cl)c2ccccc2)c2ccccc2)cc1
FDA-approved,,,c1ccc(CC2=NCCN2)cc1
FDA-approved,,,O=c1[nH]c(O)cn1/N=C/c1ccc([N+](=O)[O-])o1
FDA-approved,,,CO[C@@]1(NC(=O)Cc2cccs2)C(=O)N2C(C(=O)O)=C(COC(N)=O)CS[C@@H]21
FDA-approved,,,CN(C)C(N)=NC(=N)N
FDA-approved,,,CC(=O)[C@]1(O)C=C2C(=O)c3c(c(O)c4ccccc4c3O)C(=O)C2[C@@H](O[C@H]2C[C@H](N)[C@H](O)[C@H](C)O2)C1
FDA-approved,,,CN(C)CCOc1ccc(/C(=C(/CCCl)c2ccccc2)c2ccccc2)cc1
FDA-approved,,,O=C1CC[C@@]2(O)[C@H]3Cc4ccc(O)c5c4[C@@]2(CCN3CC2CC2)C1O5
FDA-approved,,,Oc1ccc(C2CNCCc3c2cc(O)c(O)c3Cl)cc1
FDA-approved,,,Nc1ccc(O)c(C(=O)O)c1
FDA-approved,,,CC(=O)Oc1ccc(C(c2ccc(OC(C)=O)cc2)c2ccccn2)cc1
FDA-approved,,,COCCCCC(=NOCCN)c1ccc(C(F)(F)F)cc1
FDA-approved,,,Cc1cccc(Nc2ccncc2S(=O)(=O)NC(=O)NC(C)C)c1
FDA-approved,,,CCN(CC)CCOC(=O)c1ccc(N)cc1
FDA-approved,,,CC(C)OC(=O)C(C)NP(=O)(OCC1OC(n2ccc(=O)[nH]c2=O)C(C)(F)C1O)Oc1ccccc1
FDA-approved,,,N=C(N=C(N)NCCCCCCN=C(N)N=C(N)Nc1ccc(Cl)cc1)Nc1ccc(Cl)cc1
FDA-approved,,,Nc1cccc2c1CN(C1CCC(=O)NC1=O)C2=O
FDA-approved,,,Nc1cccc2c1C(=O)N(C1CCC(=O)NC1=O)C2=O
FDA-approved,,,Cc1cc(C2CCCCC2)n(O)c(=O)c1
FDA-approved,,,NCCCCC(NC(CCc1ccccc1)C(=O)O)C(=O)N1CCCC1C(=O)O
FDA-approved,,,CN(C)CCCN1c2ccccc2Sc2ccc(C(F)(F)F)cc21
FDA-approved,,,CN(C)CCCN1c2ccccc2Sc2ccccc21
FDA-approved,,,O=C1C=CC(=O)c2c1c(O)c1c(NCCNCCO)ccc(NCCNCCO)c1c2O
FDA-approved,,,Nc1nc(F)nc2c1ncn2[C@@H]1O[C@H](CO)[C@@H](O)[C@@H]1O
FDA-approved,,,CCCCCC(=O)O[C@]1(C(C)=O)CC[C@H]2[C@@H]3CC=C4CC(=O)CC[C@]4(C)[C@H]3CC[C@@]21C
FDA-approved,,,C#C[C@]1(O)CCC2C3CCC4=Cc5oncc5CC4(C)C3CCC21C
FDA-approved,,,C[C@H]1C[C@H]2[C@@H]3CC=C4CC(=O)C=C[C@]4(C)[C@@]3(F)[C@@H](O)C[C@]2(C)[C@@]1(O)C(=O)CO
FDA-approved,,,C[N+]1(C)CCC(=C(c2ccccc2)c2ccccc2)CC1
FDA-approved,,,CCCCC(CC)COC(=O)C(C#N)=C(c1ccccc1)c1ccccc1
FDA-approved,,,O=C(C1CCCCC1)N1CC(=O)N2CCc3ccccc3C2C1
FDA-approved,,,CC(C)OC(=O)OCOP(=O)(CO[C@H](C)Cn1cnc2c(N)ncnc21)OCOC(=O)OC(C)C
FDA-approved,,,CN(C)CCCN1c2ccccc2CCc2ccc(Cl)cc21
FDA-approved,,,OCCN1CCN(CCCN2c3ccccc3Sc3ccc(C(F)(F)F)cc32)CC1
FDA-approved,,,CN1CCN(CCCN2c3ccccc3Sc3ccc(Cl)cc32)CC1
FDA-approved,,,O=C(O)c1cc2ccccc2c(Cc2c(O)c(C(=O)O)cc3ccccc23)c1O
FDA-approved,,,CCSc1ccc2c(c1)N(CCCN1CCN(C)CC1)c1ccccc1S2
FDA-approved,,,CN1CCN(CC/C=C2/c3ccccc3Sc3ccc(S(=O)(=O)N(C)C)cc32)CC1
FDA-approved,,,CC(C)COCC(CN(Cc1ccccc1)c1ccccc1)N1CCCC1
FDA-approved,,,CN[C@H]1CC[C@@H](c2ccc(Cl)c(Cl)c2)c2ccccc21
FDA-approved,,,CCCCCN=C(N)NN=Cc1c[nH]c2ccc(OC)cc12
FDA-approved,,,O[C@@H](c1cc(C(F)(F)F)nc2c(C(F)(F)F)cccc12)[C@H]1CCCCN1
FDA-approved,,,CCOC(=O)C1=C(COCCN)N=C(C)C(C(=O)OC)C1c1ccccc1Cl
FDA-approved,,,CN1CCN(CCCN2c3ccccc3Sc3ccc(C(F)(F)F)cc32)CC1
FDA-approved,,,Clc1ccc(CCC(Cn2ccnc2)Sc2c(Cl)cccc2Cl)cc1
FDA-approved,,,CN1CCCC(CC2c3ccccc3Sc3ccccc32)C1
FDA-approved,,,CCCCN(CCCC)CCC(O)c1cc2c(Cl)cc(Cl)cc2c2cc(C(F)(F)F)ccc12
FDA-approved,,,CO[C@@]1(NC(O)=c2sc(=C(C(N)=O)C(=O)O)s2)C(=O)N2C(C(=O)O)=C(CSc3nnnn3C)CS[C@@H]21
FDA-approved,,,CCCCc1c(O)n(-c2ccc(O)cc2)n(-c2ccccc2)c1=O
FDA-approved,,,NNc1nncc2ccccc12
FDA-approved,,,OC(CCN1CCCCC1)(c1ccccc1)C1CCCCC1
FDA-approved,,,N=c1cc(N2CCCCC2)nc(N)n1O
FDA-approved,,,CN(C)CCOC(c1ccccc1)c1ccc(Br)cc1
FDA-approved,,,Cc1cccc(CN2CCN(C(c3ccccc3)c3ccc(Cl)cc3)CC2)c1
FDA-approved,,,CN1CCC(CN2c3ccccc3Sc3ccccc32)C1
FDA-approved,,,CN(C)CCN(Cc1ccccc1)c1ccccn1
FDA-approved,,,COc1ccc(CCN(C)CCCC(C#N)(c2ccc(OC)c(OC)c2)C(C)C)cc1OC
FDA-approved,,,C[N+]1(C)CCN(CC(O)(c2ccccc2)C2CCCCC2)CC1
FDA-approved,,,N=C(N)NN=Cc1c(Cl)cccc1Cl
FDA-approved,,,N=C(N)NC(=O)Cc1c(Cl)cccc1Cl
FDA-approved,,,Cn1c(=O)c2c(ncn2CC(O)CO)n(C)c1=O
FDA-approved,,,COC(=O)C1=C(C)N=C(C)C(C(=O)OCC(C)C)C1c1ccccc1[N+](=O)[O-]
FDA-approved,,,COc1ccc(C(CN(C)C)C2(O)CCCCC2)cc1
FDA-approved,,,CC(C)[N+](C)(CCC(C(N)=O)(c1ccccc1)c1ccccc1)C(C)C
FDA-approved,,,Cc1nc(N=C2NCC(C(=O)Nc3c(C)cccc3Cl)S2)cc(N2CCN(CCO)CC2)n1
FDA-approved,,,CN[C@@H]1CC[C@@H](c2ccc(Cl)c(Cl)c2)c2ccccc21
FDA-approved,,,CCCCc1nc(Cl)c(CO)n1Cc1ccc(-c2ccccc2-c2nn[nH]n2)cc1
FDA-approved,,,COc1ccc2c3c1OC1C(O)C=CC4C(C2)N(C)CCC341
FDA-approved,,,COc1ccc2c3c1OC1C(O[Si](C)(C)C)C=CC4C(C2)N(C)CCC341
FDA-approved,,,CCC(=O)O[C@](Cc1ccccc1)(c1ccccc1)[C@H](C)CN(C)C
FDA-approved,,,CN1C2CCC1CC(OC(=O)C(O)c1ccccc1)C2
FDA-approved,,,CCN(Cc1ccncc1)C(=O)C(CO)c1ccccc1
FDA-approved,,,CC(C)[N+]1(C)C2CCC1CC(OC(=O)C(CO)c1ccccc1)C2
FDA-approved,,,CN(C)CCOC(=O)C(c1ccccc1)C1(O)CCCC1
FDA-approved,,,CC(=O)c1ccc2c(c1)N(CCCN1CCN(CCO)CC1)c1ccccc1S2
FDA-approved,,,Cc1cc2c(s1)Nc1ccccc1N=C2N1CCN(C)CC1
FDA-approved,,,CCC(=O)C(CC(C)N(C)C)(c1ccccc1)c1ccccc1
FDA-approved,,,O=C1N(Cc2ccccc2)C2C[S+]3CCCC3C2N1Cc1ccccc1
FDA-approved,,,CON=C(C(=O)NC1C(=O)N2C(C(=O)O)=C(COC(N)=O)CSC12)c1ccco1
FDA-approved,,,CC(=O)OCC1=C(C(=O)O)N2C(=O)C(NC(=O)Cc3cccs3)C2SC1
FDA-approved,,,CCC(=O)N(c1ccccc1)C1(COC)CCN(CCn2nnn(CC)c2=O)CC1
FDA-approved,,,COc1ccc2c3c1OC1C(=O)CC[C@@]4(O)[C@@H](C2)N(C)CC[C@]314
FDA-approved,,,C=CC1=C(C(=O)O)N2C(=O)C(=NC(=O)C(NOCC(=O)O)c3csc(N)n3)C2SC1
FDA-approved,,,COc1ccc([C@H](C)NC[C@H](O)c2ccc(O)c(NC=O)c2)cc1
FDA-approved,,,CNCC(O)c1ccc(O)c(O)c1
FDA-approved,,,OC(CNCC(O)C1CCc2cc(F)ccc2O1)C1CCc2cc(F)ccc2O1
FDA-approved,,,CC(C)CC(N(C)C)C1(c2ccc(Cl)cc2)CCC1
FDA-approved,,,CNCC[C@H](Oc1cccc2ccccc12)c1cccs1
FDA-approved,,,Cc1cc2c(Nc3ccc(Br)cc3F)ncnc2cc1OCC1CCN(C)CC1
FDA-approved,,,O=C1N=C(c2ccccc2)c2cc(Cl)ccc2NC1O
FDA-approved,,,Cc1nc2c([nH]1)-c1ccccc1N(C(=O)c1ccc(NC(=O)c3ccccc3-c3ccccc3)cc1)CC2
FDA-approved,,,CCCCC(C)(O)CC=CC1C(O)CC(=O)C1CCCCCCC(=O)OC
FDA-approved,,,Oc1c2c(c(O)n1C[C@@H]1CCCC[C@H]1CN1CCN(c3nsc4ccccc34)CC1)[C@H]1CC[C@@H]2C1
FDA-approved,,,CN1C(C(=O)Nc2ccccn2)C(=O)c2ccccc2S1(=O)=O
FDA-approved,,,Cc1nccn1CC1CCc2c(c3ccccc3n2C)C1=O
FDA-approved,,,CCOC(=O)CC(SP(=S)(OC)OC)C(=O)OCC
FDA-approved,,,Clc1ccccc1CN1CCc2sccc2C1
FDA-approved,,,O=C(c1ccccc1)c1ccc2n1CCC2C(=O)O
FDA-approved,,,CC(C)(O)c1ccccc1CCC(S)c1cccc(C=Cc2ccc3ccc(Cl)cc3n2)c1
FDA-approved,,,CC(C)(N)Cc1ccc(Cl)cc1
FDA-approved,,,CC1CN(C2CCC(C#N)(c3ccc(F)cc3)CC2)CCC1(C(=O)O)c1ccccc1
FDA-approved,,,C=CCN1CC(C(=O)N(CCCN(C)C)C(=O)NCC)CC2c3cccc4[nH]cc(c34)CC21
FDA-approved,,,Cc1ccc(C(=CCN2CCCC2)c2ccccn2)cc1
FDA-approved,,,CN1CCN(CCC=C2c3ccccc3Sc3ccc(S(=O)(=O)N(C)C)cc32)CC1
FDA-approved,,,COC(=O)C1C(OC(=O)c2ccccc2)CC2CCC1N2C
FDA-approved,,,CN1C2CCC1CC(OC(=O)C(CO)c1ccccc1)C2
FDA-approved,,,CCC(CO)NC(=O)C1C=C2c3cccc4[nH]cc(c34)CC2N(C)C1
FDA-approved,,,CC(N=C(N=c1cc[nH]cc1)NC#N)C(C)(C)C
FDA-approved,,,CC1=NS(=O)(=O)c2cc(Cl)ccc2N1
FDA-approved,,,CN1CCC23c4c5ccc(O)c4OC2C(O)C=CC3C1C5
FDA-approved,,,C=CCN1CCC23c4c5ccc(O)c4OC2C(=O)CCC3(O)C1C5
FDA-approved,,,CCN(CC)C(=O)[C@]1(c2ccccc2)C[C@@H]1CN
FDA-approved,,,CNC1CCC(c2ccc(Cl)c(Cl)c2)c2ccccc21
FDA-approved,,,Fc1ccc(C2CCNCC2COc2ccc3c(c2)OCO3)cc1
FDA-approved,,,CC(=O)OC1CC2CCC3C(CCC4(C)C3CC([N+]3(C)CCCCC3)C4OC(C)=O)C2(C)CC1[N+]1(C)CCCCC1
FDA-approved,,,COc1ccc(CC(C)NCC(O)c2ccc(O)c(NC=O)c2)cc1
FDA-approved,,,O=C1CCC2(O)C3Cc4ccc(O)c5c4C2(CCN3CC2CC2)C1O5
FDA-approved,,,CCN(C(C)=O)c1cccc(-c2ccnc3c(C#N)cnn23)c1
FDA-approved,,,CN1CC(C(=O)NC2(C)OC3(O)C4CCCN4C(=O)C(Cc4ccccc4)N3C2=O)C=C2c3cccc4[nH]cc(c34)CC21
FDA-approved,,,COc1cc(CNC(=O)CCCCC=CC(C)C)ccc1O
FDA-approved,,,CN1C2CCC1CC(OC(c1ccccc1)c1ccccc1)C2
FDA-approved,,,O=C(O)C[C@H](O)C[C@H](O)/C=C/c1c(C2CC2)nc2ccccc2c1-c1ccc(F)cc1
FDA-approved,,,COc1cc2nc(N3CCN(C(=O)C4COc5ccccc5O4)CC3)nc(N)c2cc1OC
FDA-approved,,,CN(C)CC(c1ccc(O)cc1)C1(O)CCCCC1
FDA-approved,,,CCOc1ccccc1OCCNC(C)Cc1ccc(OC)c(S(N)(=O)=O)c1
FDA-approved,,,COc1cc(C2c3cc4c(cc3C(OC3OC5COC(c6cccs6)OC5C(O)C3O)C3COC(=O)C23)OCO4)cc(OC)c1O
FDA-approved,,,C=CC1=C(C(=O)O)N2C(=O)C(=NC(=O)C(NOCC(=O)O)c3csc(N)n3)C2SC1
FDA-approved,,,CC(=O)C1(O)CCC2C3CC(C)=C4CC(=O)C=CC4(C)C3(F)C(O)CC21C
FDA-approved,,,C[C@@H](O)C1C(=O)N2C(C(=O)O)C(SCCN=CN)C[C@H]12
FDA-approved,,,CC1(C)SC2C(NC(=O)C(C(=O)O)c3ccccc3)C(=O)N2C1C(=O)O
FDA-approved,,,O=C(O)CC(O)C(=O)O
FDA-approved,,,Nc1ncnc2c1ncn2C1OC(COP(=O)(O)O)C(O)C1O
FDA-approved,,,O=C(O)C(=O)O
FDA-approved,,,Cc1[nH]cnc1CN1CCc2c(c3ccccc3n2C)C1=O
FDA-approved,,,CCC(=O)N(c1ccccc1)C1(COC)CCN(CCc2cccs2)CC1
FDA-approved,,,CN1CCC(=C2c3ccccc3CC(=O)c3sccc32)CC1
FDA-approved,,,CN1CCC[C@@H]1CCO[C@](C)(c1ccccc1)c1ccc(Cl)cc1
FDA-approved,,,Nc1ncn([C@H]2C[C@H](O)[C@@H](CO)O2)c(=O)n1
FDA-approved,,,c1ccc2c(c1)CCCC2C1=NCCN1
FDA-approved,,,N=C(N)NN=Cc1c(Cl)cccc1Cl
FDA-approved,,,C[C@H](NCCc1ccc(O)cc1)[C@H](O)c1ccc(O)cc1
FDA-approved,,,CNCCC=C1c2ccccc2CCc2ccccc21
FDA-approved,,,CC[N+](C)(C)c1cccc(O)c1
FDA-approved,,,CC(C)COc1ccc(CNC(=O)N(Cc2ccc(F)cc2)C2CCN(C)CC2)cc1
FDA-approved,,,CN(C)C(=O)c1cc2cnc(Nc3ccc(N4CCNCC4)cn3)nc2n1C1CCCC1
FDA-approved,,,OC[C@H]1O[C@@H](c2ccc(Cl)c(Cc3ccc(O[C@H]4CCOC4)cc3)c2)[C@H](O)[C@@H](O)[C@@H]1O
FDA-approved,,,N=C(N=C(N)NCCCCCCN=C(N)N=C(N)Nc1ccc(Cl)cc1)Nc1ccc(Cl)cc1
FDA-approved,,,Cc1cc(C(=O)NNCc2ccccc2)no1
FDA-approved,,,CCCCOCCOCCOCc1cc2c(cc1CCC)OCO2
FDA-approved,,,N=C(N)NCCCC(N)C(=O)O
FDA-approved,,,O=P1(NCCCl)OCCCN1CCCl
FDA-approved,,,CCOC(=O)C1=C(C)N=C(C)C(C(=O)OC)C1c1cccc(Cl)c1Cl
FDA-approved,,,Oc1c(C2=CCC(c3ccc(Cl)cc3)CC2)c(O)c2ccccc2c1O
FDA-approved,,,O=C1C(=O)C(C(O)CO)CC1O
FDA-approved,,,O=c1ccc2ccc(OCCCCN3CCN(c4cccc5sccc45)CC3)cc2[nH]1
FDA-approved,,,Cc1[nH]c2ccccc2c1CCNCc1ccc(C=CC(O)=NO)cc1
FDA-approved,,,Nc1ncnc2c1ncn2C1OC(CO)C(O)C1O
FDA-approved,,,CN1[C@@H]2CC[C@H]1CC(OC(=O)C(CO)c1ccccc1)C2
FDA-approved,,,CC[C@@H]([C@H](C)O)n1ncn(-c2ccc(N3CCN(c4ccc(OCC5CO[C@@](Cn6cncn6)(c6ccc(F)cc6F)C5)cc4)CC3)cc2)c1=O
FDA-approved,,,COc1ccc2c(c1)[C@@]13CCCC[C@@H]1[C@@H](C2)N(C)CC3
FDA-approved,,,FC(F)OC(Cl)C(F)(F)F
FDA-approved,,,CC[C@@H](NC(=O)c1cc(C(=O)NC(C)c2cnccn2)c2n1CCOC2)c1ccccc1
FDA-approved,,,Cc1cc(C=CC#N)cc(C)c1Nc1ccnc(Nc2ccc(C#N)cc2)n1
FDA-approved,,,CN1CC[C@]23CCCC[C@H]2[C@H]1Cc1ccc(O)cc13
FDA-approved,,,NC(CCC(=O)NC(CSSCC(NC(=O)CCC(N)C(=O)O)C(=O)NCC(=O)O)C(=O)NCC(=O)O)C(=O)O
FDA-approved,,,NC(=O)c1cnccn1
FDA-approved,,,CC(C)[N+]1(C)[C@@H]2CC[C@H]1CC(OC(=O)C(CO)c1ccccc1)C2
FDA-approved,,,CN(C)N=Nc1[nH]cnc1C(N)=O
FDA-approved,,,CC(=O)OCC(=O)[C@@]1(O)CC[C@H]2[C@@H]3CC(C)=C4CC(=O)C=C[C@]4(C)[C@H]3[C@@H](O)C[C@@]21C
FDA-approved,,,C[C@H](/C=C/[C@H](C)C(C)(C)O)[C@H]1CC[C@H]2/C(=C/C=C3C[C@@H](O)C[C@H](O)C3)CCC[C@]12C
FDA-approved,,,C[C@@H]1C[C@H]2[C@@H]3CC=C4CC(=O)C=C[C@]4(C)[C@@]3(F)[C@@H](O)C[C@]2(C)[C@@]1(O)C(=O)COP(=O)(O)O
FDA-approved,,,CON=C(C(=O)NC1C(=O)N2C(C(=O)O)=CCSC12)c1csc(N)n1
FDA-approved,,,CN=C(C[N+](=O)[O-])NCCSCc1ccc(CN(C)C)o1
FDA-approved,,,CN(C)C1C(=O)C(C(N)=O)C(=O)[C@@]2(O)C(=O)C3C(=O)c4c(O)cccc4[C@@](C)(O)[C@H]3[C@H](O)[C@@H]12
FDA-approved,,,CCC[C@@H]1CC(C(=O)N[C@@H]([C@H]2O[C@H](SC)[C@H](OP(=O)(O)O)[C@@H](O)[C@H]2O)[C@H](C)Cl)N(C)C1
FDA-approved,,,CN[C@H]1[C@@H](O[C@@H]2[C@@H](O[C@H]3[C@H](O)[C@@H](O)[C@H](N=C(N)N)[C@@H](O)[C@@H]3N=C(N)N)O[C@H](C)[C@@]2(O)C=O)O[C@H](CO)[C@@H](O)[C@@H]1O
FDA-approved,,,CC1CCC(C(C)C)C(O)C1
FDA-approved,,,CN1CC[C@]23c4c5ccc(O)c4O[C@H]2[C@@H](O)C=C[C@H]3[C@H]1C5
FDA-approved,,,Oc1cn2c(n1)Nc1ccc(Cl)c(Cl)c1C2
FDA-approved,,,CN1C2CCCC1CC(NC(=O)c1nn(C)c3ccccc13)C2
FDA-approved,,,CC(c1cc2ccccc2s1)N(O)C(N)=O
FDA-approved,,,CN1C(=O)CN=C(c2ccccc2)c2cc(Cl)ccc21
FDA-approved,,,COC(=O)C1=C(C)N=C(C)C(C(=O)OC)C1c1ccccc1[N+](=O)[O-]
FDA-approved,,,O=C1CC[C@@]2(O)[C@H]3Cc4ccc(O)c5c4[C@@]2(CCN3CC2CC2)C1O5
FDA-approved,,,C=CCN1CC[C@]23c4c5ccc(O)c4OC2C(=O)CC[C@@]3(O)[C@H]1C5
FDA-approved,,,CC(C)=CCN1CC[C@@]2(C)c3cc(O)ccc3C[C@@H]1[C@@H]2C
FDA-approved,,,Nc1ncnc2c1ncn2CCOCP(=O)(O)O
FDA-approved,,,CN1CC[C@]23c4c5ccc(O)c4OC2C(=O)CC[C@@]3(O)[C@H]1C5
FDA-approved,,,Cc1nnc2n1-c1ccc(Cl)cc1C(c1ccccc1)=NC2
FDA-approved,,,Cc1nnc2n1-c1ccc(Cl)cc1C(c1ccccc1Cl)=NC2
FDA-approved,,,O=C1CC2(CCCC2)CC(=O)N1CCCCN1CCN(c2ncccn2)CC1
FDA-approved,,,CN1CCN(C2=Nc3cc(Cl)ccc3Nc3ccccc32)CC1
FDA-approved,,,Cc1nc2n(c(=O)c1CCN1CCC(c3noc4cc(F)ccc34)CC1)CCCC2
FDA-approved,,,CN(C)CCCN1c2ccccc2Sc2ccc(Cl)cc21
FDA-approved,,,c1ccc2c(CC3=NCCN3)cccc2c1
FDA-approved,,,CN1CCc2cccc3c2[C@H]1Cc1ccc(O)c(O)c1-3
FDA-approved,,,CN1CCC(=C2c3ccccc3CC(=O)c3sccc32)CC1
FDA-approved,,,CN(C)CC/C=C1/c2ccccc2COc2ccc(CC(=O)O)cc21
FDA-approved,,,CSc1ccc2c(c1)N(CCC1CCCCN1C)c1ccccc1S2
FDA-approved,,,Cc1cn([C@H]2C[C@H](N=[N+]=[N-])[C@@H](CO)O2)c(=O)[nH]c1=O
FDA-approved,,,O=C(O)CCc1nc(-c2ccccc2)c(-c2ccccc2)o1
FDA-approved,,,COc1ccc2c(c1)C13CCCCC1C(C2)N(C)CC3
FDA-approved,,,CN1CCC23CCCCC2C1Cc1ccc(O)cc13
FDA-approved,,,CCCC(CCC)C(=O)O
FDA-approved,,,O=C1NC(=O)C(c2ccccc2)(c2ccccc2)N1
FDA-approved,,,NC(=O)N1c2ccccc2C=Cc2ccccc21
FDA-approved,,,O=C(O)CCCc1ccc(N(CCCl)CCCl)cc1
FDA-approved,,,CCCCS(=O)(=O)NC(Cc1ccc(OCCCCC2CCNCC2)cc1)C(=O)O
FDA-approved,,,CN1CCCC1c1cccnc1
FDA-approved,,,CN(Cc1cnc2nc(N)nc(N)c2n1)c1ccc(C(=O)NC(CCC(=O)O)C(=O)O)cc1
FDA-approved,,,C[N+](C)(C)CCOC(N)=O
FDA-approved,,,COc1ccc([C@@H]2Sc3ccccc3N(CCN(C)C)C(=O)C2OC(C)=O)cc1
FDA-approved,,,Cc1onc(-c2c(Cl)cccc2Cl)c1C(=O)NC1C(=O)N2C1SC(C)(C)C2C(=O)O
FDA-approved,,,Cc1ccc(=O)n(-c2ccccc2)c1
FDA-approved,,,CC(N)Cc1ccccc1
FDA-approved,,,CC12CCC3c4ccc(O)cc4CCC3C1CCC2O
FDA-approved,,,OC1(c2ccc(Cl)cc2)c2ccccc2C2=NCCN21
FDA-approved,,,COc1ccc(CCN(C)CCC[C@@](C#N)(c2ccc(OC)c(OC)c2)C(C)C)cc1OC
FDA-approved,,,CNS(=O)(=O)Cc1ccc2[nH]cc(CCN(C)C)c2c1
FDA-approved,,,COc1cc(N)c(Cl)cc1C(=O)NC1CCN(CCCOc2ccc(F)cc2)CC1OC
FDA-approved,,,CCC(C)C(=O)O[C@H]1C[C@@H](O)C=C2C=C[C@H](C)[C@H](CCC(O)C[C@@H](O)CC(=O)O)[C@H]21
FDA-approved,,,CC(C)(Sc1cc(C(C)(C)C)c(O)c(C(C)(C)C)c1)Sc1cc(C(C)(C)C)c(O)c(C(C)(C)C)c1
FDA-approved,,,CCCCCc1cc(O)c2c(c1)OC(C)(C)[C@@H]1CCC(C)=C[C@@H]21
FDA-approved,,,CN=C1C[N+]([O-])=C(c2ccccc2)c2cc(Cl)ccc2N1
FDA-approved,,,CCC1C(=O)OC[C@@H]1Cc1cncn1C
FDA-approved,,,CC[C@@]1(O)C(=O)OCc2c1cc1n(c2=O)Cc2cc3c(CN(C)C)c(O)ccc3nc2-1
FDA-approved,,,CCC(=O)N(c1ccccc1)C1CCN(CCc2ccccc2)CC1
FDA-approved,,,CNC(C)Cc1ccccc1
FDA-approved,,,COc1cc(C(=O)NS(=O)(=O)c2ccccc2C)ccc1Cc1cn(C)c2ccc(NC(=O)OC3CCCC3)cc12
FDA-approved,,,CCCC(CCC)C(=O)O
FDA-approved,,,CC(C)Cc1ccc(C(C)C(=O)O)cc1
FDA-approved,,,COc1ccc2cc(C(C)C(=O)O)ccc2c1
FDA-approved,,,CCN(CC)CCOC(=O)C1(C2CCCCC2)CCCCC1
FDA-approved,,,CN(C)CCCN1c2ccccc2CCc2ccccc21
FDA-approved,,,O=C(O)P(=O)(O)O
FDA-approved,,,CC(NC(CCc1ccccc1)C(=O)O)C(=O)N1CCCC1C(=O)O
FDA-approved,,,C[n+]1ccccc1C=NO
FDA-approved,,,CCCC=c1ncc(=CC(Cc2cccs2)C(=O)O)n1Cc1ccc(C(=O)O)cc1
FDA-approved,,,Cc1ccc(Cl)c(Nc2ccccc2C(=O)O)c1Cl
FDA-approved,,,CC1=C(CC(=O)O)c2cc(F)ccc2C1=Cc1ccc(S(C)=O)cc1
FDA-approved,,,Cc1cnc(C(=O)NCCc2ccc(S(=O)(=O)NC(=O)NC3CCCCC3)cc2)cn1
FDA-approved,,,COc1ccc(Cl)cc1C(=O)NCCc1ccc(S(=O)(=O)NC(=O)NC2CCCCC2)cc1
FDA-approved,,,Cc1cn([C@H]2C=C[C@@H](CO)O2)c(=O)[nH]c1=O
FDA-approved,,,CC(=O)/N=c1/sc(S(N)(=O)=O)nn1C
FDA-approved,,,Cc1[nH]cnc1CN1CCc2c(c3ccccc3n2C)C1=O
FDA-approved,,,COc1cc2c(c(OC)c1OC)-c1ccc(OC)c(=O)cc1[C@@H](NC(C)=O)CC2
FDA-approved,,,CN1C2CC(OC(=O)C(CO)c3ccccc3)CC1C1OC12
FDA-approved,,,O=NN(CCCl)C(=O)NCCCl
FDA-approved,,,O=c1[nH]cnc2[nH]ncc12
FDA-approved,,,CCc1cccc2c3c([nH]c12)C(CC)(CC(=O)O)OCC3
FDA-approved,,,C[N+](C)(CCCCCC[N+](C)(C)C1c2ccccc2-c2ccccc21)C1c2ccccc2-c2ccccc21
FDA-approved,,,Clc1cccc(Cl)c1NC1=NCCN1
FDA-approved,,,CCOP(=O)(OCC)SCC[N+](C)(C)C
FDA-approved,,,CCOC(=O)C(CCc1ccccc1)NC(C)C(=O)N1CC2(CC1C(=O)O)SCCS2
FDA-approved,,,CCOC(=O)C(CCc1ccccc1)NC(C)C(=O)N1CCCC1C(=O)O
FDA-approved,,,Cn1nnc(-c2ccc(-c3ccc(N4C[C@H](COP(=O)(O)O)OC4=O)cc3F)cn2)n1
FDA-approved,,,CN1CC[C@]23CCCC[C@H]2[C@H]1Cc1ccc(O)cc13
FDA-approved,,,CCCN1C[C@H](CSC)C[C@@H]2c3cccc4[nH]cc(c34)C[C@H]21
FDA-approved,,,CCCNC1CCc2nc(N)sc2C1
FDA-approved,,,CN(C)CCC(c1ccccc1)c1ccccn1
FDA-approved,,,CCCCNc1ccc(C(=O)OCCN(C)C)cc1
FDA-approved,,,CCN(CC)CC(=O)Nc1c(C)cccc1C
FDA-approved,,,CN(C)CCC(c1ccc(Br)cc1)c1ccccn1
FDA-approved,,,CN(C)CCOC(c1ccccc1)c1ccccc1
FDA-approved,,,CC(COc1ccccc1)N(CCCl)Cc1ccccc1
FDA-approved,,,C=CC1CN2CCC1CC2[C@@H](O)c1ccnc2ccc(OC)cc12
FDA-approved,,,CC(CN1c2ccccc2Sc2ccccc21)N(C)C
FDA-approved,,,CN(C)C(=O)C(CCN1CCC(O)(c2ccc(Cl)cc2)CC1)(c1ccccc1)c1ccccc1
FDA-approved,,,COc1cc2c(cc1OC)C1CC(=O)C(CC(C)C)CN1CC2
FDA-approved,,,O=C(CCCN1CC=C(n2c(=O)[nH]c3ccccc32)CC1)c1ccc(F)cc1
FDA-approved,,,COC(=O)C1[C@H]2C[C@@H]3c4[nH]c5cc(OC)ccc5c4CCN3C[C@H]2C[C@@H](OC(=O)c2cc(OC)c(OC)c(OC)c2)[C@@H]1OC
FDA-approved,,,CN1CCC(=C2c3ccccc3C=Cc3ccccc32)CC1
FDA-approved,,,NC(O)=NO
FDA-approved,,,CC(=O)C(C#N)C(=O)Nc1ccc(C(F)(F)F)cc1
FDA-approved,,,CN(C/C=C/C#CC(C)(C)C)Cc1cccc2ccccc12
FDA-approved,,,O=C1CN=C(c2ccccc2Cl)c2cc([N+](=O)[O-])ccc2N1
FDA-approved,,,COc1ccc2c3c1O[C@H]1[C@@H](O)C=C[C@H]4[C@@H](C2)N(C)CC[C@@]341
FDA-approved,,,C[C@@H]1CN([C@H]2CC[C@](C#N)(c3ccc(F)cc3)CC2)CC[C@]1(C(=O)O)c1ccccc1
FDA-approved,,,CC(C)NCC(O)COc1cccc2[nH]ccc12
FDA-approved,,,CCOCCn1c(N2CCCN(C)CC2)nc2ccccc21
FDA-approved,,,CC(Oc1c(Cl)cccc1Cl)C1=NCCN1
FDA-approved,,,Clc1cccc(Cl)c1NC1=NCCN1
FDA-approved,,,CCCN(CCC)CCc1cccc2[nH]c(O)cc12
FDA-approved,,,CN(C)CCC=C1c2ccccc2CCc2ccccc21
FDA-approved,,,CC(S)C(=O)NCC(=O)O
FDA-approved,,,CCOC(=O)C(CCc1ccccc1)NC1CCc2ccccc2N(CC(=O)O)C1=O
FDA-approved,,,COc1cc2nccc(Oc3ccc(NC(=O)C4(C(=O)Nc5ccc(F)cc5)CC4)cc3)c2cc1OC
FDA-approved,,,Nc1nc(=O)c2ncn(COCCO)c2[nH]1
FDA-approved,,,Nc1cc(Cl)c(NC2=NCCN2)c(Cl)c1
FDA-approved,,,CC(C)[N+]1(C)[C@@H]2CC[C@H]1C[C@@H](OC(=O)C(CO)c1ccccc1)C2
FDA-approved,,,CC1(C)C(C(=O)O)N2C(=O)C[C@H]2S1(=O)=O
FDA-approved,,,CC(C(=O)O)c1cccc(C(=O)c2ccccc2)c1
FDA-approved,,,CCCCc1c(O)n(-c2ccccc2)n(-c2ccccc2)c1=O
FDA-approved,,,C[C@@H](N)Cc1ccccc1
FDA-approved,,,CC(N)C(O)c1ccccc1
FDA-approved,,,C[C@H](N)Cc1ccccc1
FDA-approved,,,CC(C)OP(=O)(F)OC(C)C
FDA-approved,,,CN(C)C(=O)Oc1cccc([N+](C)(C)C)c1
FDA-approved,,,CNCCC(Oc1ccccc1C)c1ccccc1
FDA-approved,,,CC1(C)SC2C(NC(=O)Cc3ccccc3)C(=O)N2C1C(=O)O
FDA-approved,,,Cc1onc(-c2ccccc2Cl)c1C(=O)NC1C(=O)N2C1SC(C)(C)C2C(=O)O
FDA-approved,,,OC(c1cc(C(F)(F)F)nc2c(C(F)(F)F)cccc12)C1CCCCN1
FDA-approved,,,O=C(O)CCCO
FDA-approved,,,C[C@@H]1O[C@@H]1P(=O)(O)O
FDA-approved,,,CC(C)(C)NC(=O)C1CCC2C3CCC4NC(=O)C=CC4(C)C3CCC12C
FDA-approved,,,CC12CCC(=O)C=C1CCC1C2CCC2(C)C(O)CCC12
FDA-approved,,,NC(Cc1ccc(N(CCCl)CCCl)cc1)C(=O)O
FDA-approved,,,C[N+](C)(C)CCO
FDA-approved,,,CS(C)=O
FDA-approved,,,CO[C@]12CC[C@@]3(C[C@@H]1[C@](C)(O)C(C)(C)C)[C@H]1Cc4ccc(O)c5c4[C@@]3(CCN1CC1CC1)[C@H]2O5
FDA-approved,,,O=c1c(CCS(=O)c2ccccc2)c(O)n(-c2ccccc2)n1-c1ccccc1
FDA-approved,,,COC(=O)c1ccc2c(C(=Nc3ccc(N(C)C(=O)CN4CCN(C)CC4)cc3)c3ccccc3)c(O)[nH]c2c1
FDA-approved,,,CCOC(=O)C1(c2ccccc2)CCN(C)CC1
FDA-approved,,,COc1ccc(OC)c(C(O)C(C)N)c1
FDA-approved,,,CN1CC(C(=O)N[C@]2(C)O[C@@]3(O)[C@@H]4CCCN4C(=O)C(Cc4ccccc4)N3C2=O)C=C2c3cccc4[nH]cc(c34)C[C@H]21
FDA-approved,,,CC(N)C(O)c1ccc(O)c(O)c1
FDA-approved,,,O=C(O)P(=O)(O)O
FDA-approved,,,Nc1nc(=O)c2c(CCc3ccc(C(=O)NC(CCC(=O)O)C(=O)O)cc3)c[nH]c2[nH]1
FDA-approved,,,Nc1ccc(S(=O)(=O)Nc2nccs2)cc1
FDA-approved,,,O=C1CN=C(c2ccccc2)c2cc(Cl)ccc2N1
FDA-approved,,,CCCCNC(=O)NS(=O)(=O)c1ccc(C)cc1
FDA-approved,,,N=S(=O)(O)Cc1noc2ccccc12
FDA-approved,,,CN[C@H]1CC[C@@H](c2ccc(Cl)c(Cl)c2)c2ccccc21
FDA-approved,,,N[Pt](N)(Cl)Cl
FDA-approved,,,CO[C@@]12CC[C@@]3(C[C@@H]1[C@@](C)(O)C(C)(C)C)[C@H]1Cc4ccc(O)c5c4[C@@]3(CCN1CC1CC1)[C@H]2O5
FDA-approved,,,CC(C)(C(=O)c1cccnc1)c1cccnc1
FDA-approved,,,NCCCC(N)(C(=O)O)C(F)F
FDA-approved,,,CCCN1C[C@H](CSC)C[C@@H]2c3cccc4[nH]cc(c34)C[C@H]21
FDA-approved,,,CC(C)N(CCC(C(N)=O)(c1ccccc1)c1ccccn1)C(C)C
FDA-approved,,,CNC[C@H](O)c1ccc(O)c(O)c1
FDA-approved,,,NC[C@H](O)c1ccc(O)c(O)c1
FDA-approved,,,C=CC(=O)Nc1cc(Nc2nccc(-c3cn(C)c4ccccc34)n2)c(OC)cc1N(C)CCN(C)C
FDA-approved,,,Nc1ccc(S(=O)(=O)c2ccc(N)cc2)cc1
FDA-approved,,,Cc1cc(NS(=O)(=O)c2ccc(N)cc2)no1
FDA-approved,,,CN(CCOc1ccc(Cc2sc(=O)[nH]c2O)cc1)c1ccccn1
FDA-approved,,,C=C1CC[C@H](O)C/C1=C/C=C1\CCC[C@]2(C)[C@@H]([C@H](C)CCCC(C)C)CC[C@@H]12
FDA-approved,,,COC(=O)C1=CO[C@@H](C)[C@H]2CN3CCc4c([nH]c5ccccc45)[C@@H]3C[C@H]12
FDA-approved,,,NC[C@H]1O[C@H](O[C@H]2[C@H](O)[C@@H](O[C@H]3O[C@H](CO)[C@@H](O)[C@H](N)[C@H]3O)[C@H](N)C[C@@H]2N)[C@H](O)[C@@H](O)[C@@H]1O
FDA-approved,,,Nc1nnc(-c2cccc(Cl)c2Cl)c(N)n1
FDA-approved,,,CC1=C(/C=C/C(C)=C/C=C/C(C)=C\C(=O)O)C(C)(C)CCC1
FDA-approved,,,CN(CCOc1ccc(NS(C)(=O)=O)cc1)CCc1ccc(NS(C)(=O)=O)cc1
FDA-approved,,,CC[C@@H](CO)NC(=O)C1C=C2c3cccc4c3c(cn4C)C[C@H]2N(C)C1
FDA-approved,,,CCN(CC)C(=O)[C@@]1(c2ccccc2)C[C@H]1CN
FDA-approved,,,CC(C)=CCN1CCC2(C)c3cc(O)ccc3CC1C2C
FDA-approved,,,C=C(c1ccc(C(=O)O)cc1)c1cc2c(cc1C)C(C)(C)CCC2(C)C
FDA-approved,,,CC(C)(C)c1cc(C(C)(C)C)c(NC(=O)c2c[nH]c3ccccc3c2=O)cc1O
FDA-approved,,,NC[C@@H](CC(=O)O)c1ccc(Cl)cc1
FDA-approved,,,NC[C@H](CC(=O)O)c1ccc(Cl)cc1
FDA-approved,,,COc1cc2nc(N(C)CCCNC(=O)C3CCCO3)nc(N)c2cc1OC
FDA-approved,,,COc1cc2nc(N3CCN(C(=O)C4CCCO4)CC3)nc(N)c2cc1OC
FDA-approved,,,NC12CC3CC(CC(C3)C1)C2
FDA-approved,,,CN(C)CCc1c[nH]c2ccc(C[C@H]3COC(=O)N3)cc12
FDA-approved,,,CN(C)CCc1c[nH]c2ccc(Cn3cncn3)cc12
FDA-approved,,,CC[C@@]1(O)C(=O)OCc2c1cc1n(c2=O)Cc2cc3c(CN(C)C)c(O)ccc3nc2-1
FDA-approved,,,COc1cc(C(C)=O)ccc1OCCCN1CCC(c2noc3cc(F)ccc23)CC1
FDA-approved,,,CCCCCCCCCCCCCCCCOP(=O)([O-])OCC[N+](C)(C)C
FDA-approved,,,Cc1noc(NS(=O)(=O)c2ccc(N)cc2)c1C
FDA-approved,,,Cn1nnc2c(C(N)=O)ncn2c1=O
FDA-approved,,,COc1cc([C@@H]2c3cc4c(cc3[C@H](O)[C@H]3COC(=O)C23)OCO4)cc(OC)c1OC
FDA-approved,,,CCCCC[C@H](O)/C=C/[C@@H]1[C@@H](C/C=C\CCCC(=O)O)[C@@H](O)C[C@H]1O
FDA-approved,,,c1cc(CN2CCCNCCNCCCNCC2)ccc1CN1CCCNCCNCCCNCC1
FDA-approved,,,COc1ccc(CNc2nc(N3CCC[C@H]3CO)ncc2C(=O)NCc2ncccn2)cc1Cl
FDA-approved,,,N=C(CCSCc1csc(N=C(N)N)n1)NS(N)(=O)=O
FDA-approved,,,COc1cc2c(cc1OC)C(=O)C(CC1CCN(Cc3ccccc3)CC1)C2
FDA-approved,,,C[N+](C)(C)C[C@H](O)CC(=O)[O-]
FDA-approved,,,CC1CNc2c(cccc2S(=O)(=O)NC(CCCN=C(N)N)C(=O)N2CC[C@@H](C)CC2C(=O)O)C1
FDA-approved,,,NC1CONC1=O
FDA-approved,,,Nc1ccn(C2CSC(CO)O2)c(=O)n1
FDA-approved,,,Cc1ccsc1C(=CCCN1CCCC(C(=O)O)C1)c1sccc1C
FDA-approved,,,CC(C)(C)NCC(O)COc1cccc2c1CCC(=O)N2
FDA-approved,,,COc1c2occc2cc2ccc(=O)oc12
FDA-approved,,,CCCCC1=NC2(CCCC2)C(=O)N1Cc1ccc(-c2ccccc2-c2nn[nH]n2)cc1
FDA-approved,,,CCCc1nc2c(C)cc(-c3nc4ccccc4n3C)cc2n1Cc1ccc(-c2ccccc2C(=O)O)cc1
FDA-approved,,,CCNC1CC(C)S(=O)(=O)c2sc(S(N)(=O)=O)cc21
FDA-approved,,,CNC1(c2ccccc2Cl)CCCCC1=O
FDA-approved,,,CCn1cc(C(=O)O)c(=O)c2cc(F)c(N3CCNCC3)cc21
FDA-approved,,,CC1COc2c(N3CCN(C)CC3)c(F)cc3c(=O)c(C(=O)O)cn1c23
FDA-approved,,,C=C1CC[C@@]2(O)[C@H]3Cc4ccc(O)c5c4[C@@]2(CCN3CC2CC2)[C@H]1O5
FDA-approved,,,COc1ccc(-c2ccc3cc(C(=O)O)ccc3c2)cc1C12CC3CC(CC(C3)C1)C2
FDA-approved,,,CC1OC2(CS1)CN1CCC2CC1
FDA-approved,,,CC(NC(C)(C)C)C(=O)c1cccc(Cl)c1
FDA-approved,,,Oc1cc2cc(CCN3CCN(c4nsc5ccccc45)CC3)c(Cl)cc2[nH]1
FDA-approved,,,CCCCC(=O)N(Cc1ccc(-c2ccccc2-c2nn[nH]n2)cc1)C(C(=O)O)C(C)C
FDA-approved,,,CCc1ccc(CCOc2ccc(Cc3sc(=O)[nH]c3O)cc2)nc1
FDA-approved,,,CON=C(C(=O)NC1C(=O)N2C(C(=O)O)=C(CSc3nc(=O)c(=O)[nH]n3C)CSC12)c1csc(N)n1
FDA-approved,,,C[C@@H](O)C1C(=O)N2C(C(=O)O)=C(SCCN=CN)C[C@H]12
FDA-approved,,,NCCc1ccc(O)c(O)c1
FDA-approved,,,COC(=O)C(c1ccccc1)[C@@H]1CCCCN1
FDA-approved,,,Clc1ccc(C(Cn2ccnc2)OCc2csc3c(Cl)cccc23)c(Cl)c1
FDA-approved,,,Clc1ccc(CON=C(Cn2ccnc2)c2ccc(Cl)cc2Cl)c(Cl)c1
FDA-approved,,,CC(C)(O)c1ccccc1CC[C@@H](SCC1(CC(=O)O)CC1)c1cccc(/C=C/c2ccc3ccc(Cl)cc3n2)c1
FDA-approved,,,C[C@]1(Cn2ccnn2)C(C(=O)O)N2C(=O)C[C@H]2S1(=O)=O
FDA-approved,,,CCCCCCCCCC(=O)OC1(c2ccc(Cl)cc2)CCN(CCCC(=O)c2ccc(F)cc2)CC1
FDA-approved,,,Cc1oncc1C(=O)Nc1ccc(C(F)(F)F)cc1
FDA-approved,,,CCCC(C)C1(CC)C(=O)NC(=O)NC1=O
FDA-approved,,,Cc1cnc(NC(=O)C2C(=O)c3ccccc3S(=O)(=O)N2C)s1
FDA-approved,,,CC(C)c1cccc(C(C)C)c1O
FDA-approved,,,CCCC(C)C1(CC)C(=O)NC(=S)NC1=O
FDA-approved,,,CCN(CC)C(=S)SSC(=S)N(CC)CC
FDA-approved,,,C[N+](C)(C)CCCCCCCCCC[N+](C)(C)C
FDA-approved,,,CCOc1ccccc1OCCN[C@H](C)Cc1ccc(OC)c(S(N)(=O)=O)c1
FDA-approved,,,COc1ccccc1Oc1c(NS(=O)(=O)c2ccc(C(C)(C)C)cc2)nc(-c2ncccn2)nc1OCCO
FDA-approved,,,Cc1c(O)cccc1C(=O)N[C@@H](CSc1ccccc1)[C@H](O)CN1C[C@H]2CCCC[C@H]2CC1C(=O)NC(C)(C)C
FDA-approved,,,CNC1(C)C2CCC(C2)C1(C)C
FDA-approved,,,C[N+](C)(C)CCOC(=O)CCC(=O)OCC[N+](C)(C)C
FDA-approved,,,CC(CN(C)C)CN1c2ccccc2Sc2ccccc21
FDA-approved,,,C[C@@H]1CCO[C@H]2Cn3cc(C(=O)NCc4ccc(F)cc4F)c(=O)c(O)c3C(=O)N12
FDA-approved,,,OC(CCN1CCCC1)(c1ccccc1)C1CCCCC1
FDA-approved,,,CC12CC3CC(C)(C1)CC(N)(C3)C2
FDA-approved,,,Cc1ccccc1C(OCCN(C)C)c1ccccc1
FDA-approved,,,COC(=O)C(c1ccccc1)C1CCCCN1
FDA-approved,,,COC(=O)C(c1ccccc1)[C@H]1CCCCN1
FDA-approved,,,COc1nc2ccc(Br)cc2cc1[C@@H](c1ccccc1)[C@@](O)(CCN(C)C)c1cccc2ccccc12
FDA-approved,,,C[N+]1(C)[C@@H]2C[C@@H](OC(=O)C(O)(c3cccs3)c3cccs3)C[C@H]1[C@@H]1O[C@@H]12
FDA-approved,,,CCCNCC(O)COc1ccccc1C(=O)CCc1ccccc1
FDA-approved,,,CNC[C@H](O)c1cccc(O)c1
FDA-approved,,,CC(C)(C)NC(=O)C1CN(Cc2cccnc2)CCN1C[C@@H](O)CC(Cc1ccccc1)C(=O)N[C@H]1c2ccccc2C[C@H]1O
FDA-approved,,,CC(=O)O[C@]1(C(C)=O)CC[C@H]2[C@@H]3CC(C)=C4CC(=O)CC[C@]4(C)[C@H]3CC[C@@]21C
FDA-approved,,,CCc1nn(CCCN2CCN(c3cccc(Cl)c3)CC2)c(=O)n1CCOc1ccccc1
FDA-approved,,,CC(C)C[C@H](NC(=O)C(Cc1ccccc1)NC(=O)c1cnccn1)B(O)O
FDA-approved,,,O=C1CCC(N2C(=O)c3ccccc3C2=O)C(=O)N1
FDA-approved,,,Cc1c(OCC(F)(F)F)ccnc1C[S+]([O-])c1nc2ccccc2[nH]1
FDA-approved,,,COCCCOc1ccnc(C[S+]([O-])c2nc3ccccc3[nH]2)c1C
FDA-approved,,,NC(=O)C1CCCN1C(=O)C(Cc1c[nH]cn1)NC(O)c1ccc(O)[nH]1
FDA-approved,,,Clc1ccc2c(c1)CCc1cccnc1C2=C1CCNCC1
FDA-approved,,,O=c1n(CCCN2CCN(c3cccc(Cl)c3)CC2)nc2ccccn12
FDA-approved,,,CNS(=O)(=O)CCc1ccc2[nH]cc(C3CCN(C)CC3)c2c1
FDA-approved,,,CN[C@@H]1CCc2[nH]c3ccc(C(N)=O)cc3c2C1
FDA-approved,,,CC(=O)O
FDA-approved,,,CC(C(=O)O)c1ccc(-c2ccccc2)c(F)c1
FDA-approved,,,CC(=O)Oc1ccccc1C(=O)Nc1ncc([N+](=O)[O-])s1
FDA-approved,,,O=P(O)(O)OP(=O)(O)O
FDA-approved,,,CCCC(=O)O
FDA-approved,,,CN(C)CC/C=C1/c2ccccc2COc2ccccc21
FDA-approved,,,C[C@]12CC[C@@H]3C4=C(CC[C@H]3[C@@H]1CC[C@@H]2O)CC(=O)CC4
FDA-approved,,,NCC1(CC(=O)O)CCCCC1
FDA-approved,,,CCC(=O)OC(OP(=O)(CCCc1ccccc1)CC(=O)N1C[C@H](C2CCCCC2)CC1C(=O)O)C(C)C
FDA-approved,,,CCOC(=O)C(CCc1ccccc1)NC(C)C(=O)N1Cc2cc(OC)c(OC)cc2CC1C(=O)O
FDA-approved,,,CCOC(=O)C(CCc1ccccc1)NC(C)C(=O)N1C(C(=O)O)C[C@@H]2CCC[C@@H]21
FDA-approved,,,COC(=O)C1C(C(=O)Oc2ccccc2)CC2CCC1N2C
FDA-approved,,,CC(C)OC(=O)C(C)(C)Oc1ccc(C(=O)c2ccc(Cl)cc2)cc1
FDA-approved,,,Cc1c(C)c2c(c(C)c1O)CCC(C)(COc1ccc(Cc3sc(=O)[nH]c3O)cc1)O2
FDA-approved,,,CCOC(=O)C(C)(C)Oc1ccc(Cl)cc1
FDA-approved,,,Cc1cccc([C@H](C)c2c[nH]cn2)c1C
FDA-approved,,,Nc1ccn([C@@H]2O[C@H](CO)[C@@H](O)[C@@H]2O)c(=O)n1
FDA-approved,,,Cc1cn([C@@H]2C[C@@H](O)[C@H](CO)O2)c(=O)[nH]c1=O
FDA-approved,,,O=C(O)c1ccc(-n2nc(-c3ccccc3O)nc2-c2ccccc2O)cc1
FDA-approved,,,C[C@H]1CN(CC(Cc2ccccc2)C(=O)NCC(=O)O)CC[C@@]1(C)c1cccc(O)c1
FDA-approved,,,C[C@@H](O)C1C(=O)N2C(C(=O)O)=C(S[C@@H]3CN[C@H](CNS(N)(=O)=O)C3)[C@H](C)[C@H]12
FDA-approved,,,CCOC(=O)C1=C(COCCN)N=C(C)C(C(=O)OC)C1c1ccccc1Cl
FDA-approved,,,CCCC(=O)OCOC(=O)C1=C(C)N=C(C)C(C(=O)OC)C1c1cccc(Cl)c1Cl
FDA-approved,,,COc1cc(C)c(/C=C/C(C)=C/C=C/C(C)=C/C(=O)O)c(C)c1C
FDA-approved,,,NC(=O)OCC(COC(N)=O)c1ccccc1
FDA-approved,,,Cc1c(C)c2c(c(C)c1O)CCC(C)(COc1ccc(Cc3sc(=O)[nH]c3O)cc1)O2
FDA-approved,,,O=c1ccn([C@@H]2O[C@H](CO)[C@@H](O)[C@H]2O)c(=O)[nH]1
FDA-approved,,,CC(C(=O)O)c1cccc(C(=O)c2ccccc2)c1
FDA-approved,,,O=C1CCCC(=O)C1C(=O)c1ccc(C(F)(F)F)cc1[N+](=O)[O-]
FDA-approved,,,O=C(O)C[C@@H]1CC[C@H](NC(=O)Cc2cccs2)B(O)O1
FDA-approved,,,O=C(Cn1ccnc1[N+](=O)[O-])NCc1ccccc1
FDA-approved,,,OC[C@H](O)c1oc(O)c(O)c1O
FDA-approved,,,CC(C(=O)O)c1ccc(C(=O)c2cccs2)cc1
FDA-approved,,,Nc1ccc(S(=O)(=O)Nc2ccnn2-c2ccccc2)cc1
FDA-approved,,,CC1=C(/C=C/C(C)=C/C=C/C(C)=C/CO)C(C)(C)CCC1
FDA-approved,,,CNC(=O)c1ccc(N2C(=S)N(c3cnc(C#N)c(C(F)(F)F)c3)C(=O)C23CCC3)cc1F
FDA-approved,,,OCCOCCN1CCN(C2=Nc3ccccc3Sc3ccccc32)CC1
FDA-approved,,,O=c1ccn(C2OC(COP(=O)(O)OP(=O)(O)O)C(O)C2O)c(=O)[nH]1
FDA-approved,,,O=C(O)c1cc(N=Nc2ccc(S(=O)(=O)Nc3ccccn3)cc2)ccc1O
FDA-approved,,,CC(C(=O)O)c1ccc2c(c1)[nH]c1ccc(Cl)cc12
FDA-approved,,,O=C(NC1CCN(CCCCC2(C(=O)NCC(F)(F)F)c3ccccc3-c3ccccc32)CC1)c1ccccc1-c1ccc(C(F)(F)F)cc1
FDA-approved,,,Cc1c(-c2ccc(O)cc2)n(Cc2ccc(OCCN3CCCCCC3)cc2)c2ccc(O)cc12
FDA-approved,,,CC(O)=NO
FDA-approved,,,COC(=O)C1=C(C)N=C(C)C(C(=O)OCCN(C)Cc2ccccc2)C1c1cccc([N+](=O)[O-])c1
FDA-approved,,,O=C1NC(=O)C(c2ccccc2)(c2ccccc2)N1
FDA-approved,,,COC(=O)C1=C(C)N=C(C)C(C(=O)OC)C1c1ccccc1[N+](=O)[O-]
FDA-approved,,,CCCCC[C@H](O)/C=C/[C@@H]1C(CCCCCCC(=O)O)C(=O)C[C@H]1O
FDA-approved,,,COC(=O)C1=C(C)N=C(C)C(C(=O)OCC(C)C)C1c1ccccc1[N+](=O)[O-]
FDA-approved,,,COCCOC(=O)C1=C(C)N=C(C)C(C(=O)OC(C)C)C1c1cccc([N+](=O)[O-])c1
FDA-approved,,,CNCCCC12CCC(c3ccccc31)c1ccccc12
FDA-approved,,,Cc1c(C)c2c(c(C)c1O)CCC(C)(COc1ccc(Cc3sc(=O)[nH]c3O)cc1)O2
FDA-approved,,,CC1=C(CC(=O)O)c2cc(F)ccc2C1=Cc1ccc([S+](C)[O-])cc1
FDA-approved,,,Cc1ncc(CO)c(CO)c1O
FDA-approved,,,CN=C(C[N+](=O)[O-])NCCSCc1ccc(CN(C)C)o1
FDA-approved,,,N=C(CCSCc1csc(N=C(N)N)n1)NS(N)(=O)=O
FDA-approved,,,NC1CONC1=O
FDA-approved,,,CC(N=C(N=c1cc[nH]cc1)NC#N)C(C)(C)C
FDA-approved,,,Nc1nc(=O)c2ncn(COCCO)c2[nH]1
FDA-approved,,,CCc1ccc(CCOc2ccc(Cc3sc(=O)[nH]c3O)cc2)nc1
FDA-approved,,,CC1(C)SC2C(NC(=O)C(C(=O)O)c3ccsc3)C(=O)N2C1C(=O)O
FDA-approved,,,COc1cccc(OC)c1C(=O)NC1C(=O)N2C1SC(C)(C)C2C(=O)O
FDA-approved,,,CCOc1ccc2ccccc2c1C(=O)NC1C(=O)N2C1SC(C)(C)C2C(=O)O
FDA-approved,,,CCC1(c2ccccc2)NC(=O)N(C)C1=O
FDA-approved,,,CN1CCC[C@@H]1Cc1c[nH]c2ccc(CCS(=O)(=O)c3ccccc3)cc12
FDA-approved,,,CN=C(NC#N)NCCSCc1[nH]cnc1C
FDA-approved,,,O=C(O)c1cc(N=Nc2ccc(S(=O)(=O)Nc3ccccn3)cc2)ccc1O
FDA-approved,,,COc1ccc2[nH]c([S+]([O-])Cc3ncc(C)c(OC)c3C)nc2c1
FDA-approved,,,CON=C(C(=O)NC1C(=O)N2C(C(=O)O)=C(CSc3nc(=O)c(=O)[nH]n3C)CSC12)c1csc(N)n1
FDA-approved,,,CCC(=O)[C@@]1(C)[C@H](C)C[C@H]2[C@@H]3CC=C4CC(=O)C=C[C@]4(C)[C@H]3[C@@H](O)C[C@@]21C
FDA-approved,,,C=CCC1(C(C)CCC)C(=O)NC(=S)NC1=O
FDA-approved,,,OCC(S)CS
FDA-approved,,,NC(C(=O)O)C(O)c1ccc(O)c(O)c1
FDA-approved,,,CC1(C)S[C@@H]2C(N3C(=O)C(c4ccccc4)NC3(C)C)C(=O)N2C1C(=O)O
FDA-approved,,,CC1=C2CC(=O)C=C[C@]2(C)[C@@H]2[C@@H](C1)[C@@H]1CC[C@](O)(C(=O)CO)[C@@]1(C)C[C@@H]2O
FDA-approved,,,C[C@@H]1C[C@H]2[C@@H]3CC=C4CC(=O)C=C[C@]4(C)[C@@]3(F)[C@@H](O)C[C@]2(C)C1C(=O)CO
FDA-approved,,,C=C1c2cccc(O)c2C(=O)C2C(=O)[C@]3(O)C(=O)C(C(N)=O)C(=O)C(N(C)C)[C@@H]3[C@@H](O)[C@H]12
FDA-approved,,,CC(=O)[C@@]1(O)CC[C@H]2[C@@H]3CC(C)=C4CC(=O)C=C[C@]4(C)[C@@]3(F)[C@@H](O)C[C@@]21C
FDA-approved,,,C#C[C@]1(O)CC[C@H]2[C@@H]3CCC4=CC(=NO)CC[C@@H]4[C@H]3CC[C@@]21CC
FDA-approved,,,Cc1cc(C#N)cc(C)c1Oc1nc(Nc2ccc(C#N)cc2)nc(N)c1Br
FDA-approved,,,Oc1ccc2c3c1O[C@H]1[C@@H](O)CC[C@@]4(O)[C@@H](C2)N(CC2CCC2)CC[C@]314
FDA-approved,,,NNCCc1ccccc1
FDA-approved,,,Nc1nc(=O)n([C@@H]2CS[C@H](CO)O2)cc1F
FDA-approved,,,OC[C@H]1O[C@@](CO)(O[C@H]2O[C@H](CO)[C@@H](O)[C@H](O)[C@H]2O)[C@@H](O)[C@@H]1O
FDA-approved,,,Cc1ccc(C(=O)c2cc(O)c(O)c([N+](=O)[O-])c2)cc1
FDA-approved,,,CCN(CC)C(=O)C(C#N)=Cc1cc(O)c(O)c([N+](=O)[O-])c1
FDA-approved,,,NC(CS)C(=O)O
FDA-approved,,,NC(=O)C(c1ccccc1)(c1ccccc1)[C@@H]1CCN(CCc2ccc3c(c2)CCO3)C1
FDA-approved,,,CCCCN(CCCC)CC(O)c1cc(Cl)cc2c1-c1ccc(Cl)cc1/C2=C\c1ccc(Cl)cc1
FDA-approved,,,CCN1CCN(Cc2ccc(Nc3ncc(F)c(-c4cc(F)c5nc(C)n(C(C)C)c5c4)n3)nc2)CC1
FDA-approved,,,Cc1ccc(C)c(OCCCC(C)(C)C(=O)O)c1
FDA-approved,,,CCCc1nc(C)c2c(=O)[nH]c(-c3cc(S(=O)(=O)N4CCN(CC)CC4)ccc3OCC)nn12
FDA-approved,,,FC(F)(F)C(Cl)Br
FDA-approved,,,NC1CC1c1ccccc1
FDA-approved,,,CC(O)(P(=O)(O)O)P(=O)(O)O
FDA-approved,,,CN1CCN2c3ncccc3Cc3ccccc3C2C1
FDA-approved,,,CC(=O)NC[C@H]1CN(c2ccc(N3CCOCC3)c(F)c2)C(=O)O1
FDA-approved,,,CCCN[C@H]1CCc2nc(N)sc2C1
FDA-approved,,,Cc1cccc(C)c1OCC(C)N
FDA-approved,,,COc1c(N2CCNC(C)C2)c(F)cc2c(=O)c(C(=O)O)cn(C3CC3)c12
FDA-approved,,,Cc1c(F)c(N2CCNC(C)C2)cc2c1c(=O)c(C(=O)O)cn2C1CC1
FDA-approved,,,CCC(=O)NCC[C@@H]1CCc2ccc3c(c21)CCO3
FDA-approved,,,COc1ccc(OC)c(C(O)CN)c1
FDA-approved,,,C=CC(N)CCC(=O)O
FDA-approved,,,CNC(=O)c1cnn(-c2nc(N)c3ncn([C@@H]4O[C@H](CO)[C@@H](O)[C@H]4O)c3n2)c1
FDA-approved,,,NCCc1c[nH]cn1
FDA-approved,,,c1ccc2[nH]c(-c3cscn3)nc2c1
FDA-approved,,,C=C[C@H]1CN2CC[C@H]1C[C@@H]2[C@@H](O)c1ccnc2ccc(OC)cc12
FDA-approved,,,CCCN(CCc1cccs1)[C@H]1CCc2c(O)cccc2C1
FDA-approved,,,CC(C)(N)C(=O)NC(Cc1c[nH]c2ccccc12)C(=O)N[C@H](Cc1c[nH]c2ccccc12)NC=O
FDA-approved,,,CCOC(=O)c1cncn1[C@H](C)c1ccccc1
FDA-approved,,,CCC(C)n1ncn(-c2ccc(N3CCN(c4ccc(OC[C@H]5CO[C@](Cn6cncn6)(c6ccc(Cl)cc6Cl)O5)cc4)CC3)cc2)c1=O
FDA-approved,,,COc1cc([C@@H]2c3cc4c(cc3[C@@H](O[C@@H]3O[C@@H]5CO[C@@H](C)O[C@H]5[C@H](O)[C@H]3O)[C@H]3COC(=O)C23)OCO4)cc(OC)c1O
FDA-approved,,,CCc1c2c(nc3ccc(OC(=O)N4CCC(N5CCCCC5)CC4)cc13)-c1cc3c(c(=O)n1C2)COC(=O)[C@]3(O)CC
FDA-approved,,,C[C@@H](O)C1C(=O)N2C(C(=O)O)=C(S[C@@H]3CNC(C(=O)N(C)C)C3)[C@H](C)[C@H]12
FDA-approved,,,NC(Cc1ccc(O)c(O)c1)C(=O)O
FDA-approved,,,CN(C)CC/C=C1\c2ccccc2Sc2ccc(Cl)cc21
FDA-approved,,,OCCN1CCN(CCCN2c3ccccc3Sc3ccc(Cl)cc32)CC1
FDA-approved,,,CCc1c(C)[nH]c2c1C(=O)C(CN1CCOCC1)CC2
FDA-approved,,,O=C1CCc2ccc(OCCCCN3CCN(c4cccc(Cl)c4Cl)CC3)cc2N1
FDA-approved,,,COc1cccc(OC)c1C(=O)NC1C(=O)N2C1SC(C)(C)C2C(=O)O
FDA-approved,,,CC(C)C(=O)Nc1ccc([N+](=O)[O-])c(C(F)(F)F)c1
FDA-approved,,,COc1c(N2CC3CCCNC3C2)c(F)cc2c1N(C1CC1)CC(C(=O)O)C2=O
FDA-approved,,,CCCCCCCN(CC)CCCC(O)c1ccc(NS(C)(=O)=O)cc1
FDA-approved,,,O=C(NCC1CCCCN1)c1cc(OCC(F)(F)F)ccc1OCC(F)(F)F
FDA-approved,,,CN1CCCCC1CCN1c2ccccc2Sc2ccc(S(C)=O)cc21
FDA-approved,,,NC1=NCC2c3ccccc3Cc3ccccc3N12
FDA-approved,,,COC(=O)c1cn2c3c(c(N4CCN(C)CC4)c(F)cc3c1=O)OC[C@@H]2C
FDA-approved,,,c1ccc2nc3ccccc3nc2c1
FDA-approved,,,O=c1[nH]c(=O)n([C@H]2C[C@H](O)[C@@H](CO)O2)cc1C(F)(F)F
FDA-approved,,,CCCc1cc(=O)[nH]c(=S)[nH]1
FDA-approved,,,O=C(OCc1ccccc1)c1ccccc1
FDA-approved,,,Cc1cccc(Nc2ccccc2C(=O)O)c1C
FDA-approved,,,O=P(O)(O)C(O)(C[n+]1cc[nH]c1)P(=O)(O)O
FDA-approved,,,Cc1cccc(C)c1OC[C@@H](C)N
FDA-approved,,,Cc1cccc(C)c1OC[C@H](C)N
FDA-approved,,,CC1(C)NC(=O)N(c2ccc([N+](=O)[O-])c(C(F)(F)F)c2)C1=O
FDA-approved,,,CNCC[C@@H](Oc1ccc(C(F)(F)F)cc1)c1ccccc1
FDA-approved,,,CNCCC(Oc1cccc2ccccc12)c1cccs1
FDA-approved,,,Nc1ccn([C@@H]2CS[C@H](COP(=O)(O)OP(=O)(O)OP(=O)(O)O)O2)c(=O)n1
FDA-approved,,,CCC(C)(C)C(=O)O[C@H]1C[C@@H](C)C=C2C=C[C@H](C)[C@H](CC[C@@H]3C[C@@H](O)CC(=O)O3)[C@H]21
FDA-approved,,,Clc1ccc(CO[C@H](Cn2ccnc2)c2ccc(Cl)cc2Cl)c(Cl)c1
FDA-approved,,,Clc1ccc(CO[C@@H](Cn2ccnc2)c2ccc(Cl)cc2Cl)c(Cl)c1
FDA-approved,,,CC1=C(C(=O)O)N2C(=O)C(NC(=O)C(N)c3ccccc3)C2SC1
FDA-approved,,,O=c1[nH]cnc2[nH]ncc12
FDA-approved,,,COC(=O)C(c1ccccc1)[C@H]1CCCCN1
FDA-approved,,,O=C(O)c1ccccc1-c1c2ccc(=O)cc-2oc2cc(O)ccc12
FDA-approved,,,CCOC(=O)Nc1ccc(NCc2ccc(F)cc2)cc1N
FDA-approved,,,Nc1ncnc2c1ncn2[C@@H]1O[C@H](CO)[C@@H](O)[C@@H]1O
FDA-approved,,,Nc1ccn([C@H]2CC[C@@H](CO)O2)c(=O)n1
FDA-approved,,,Cc1ccn(-c2cc(Cl)ccc2[C@@H](Oc2cc(-c3ccc(CC(N)C(=O)O)cc3)nc(N)n2)C(F)(F)F)n1
FDA-approved,,,COC(c1ccccc1)(c1ccccc1)C(Oc1nc(C)cc(C)n1)C(=O)O
FDA-approved,,,C#C[C@]1(O)CC[C@H]2[C@@H]3CC=C4CC(=O)CCC4[C@H]3CC[C@@]21C
FDA-approved,,,C[C@@H]1C[C@H]2[C@@H]3CC=C4CC(=O)C=C[C@]4(C)[C@@]3(Cl)[C@@H](O)C[C@]2(C)[C@@]1(OC(=O)c1ccco1)C(=O)CCl
FDA-approved,,,CC[N+](CC)(CC)CCOc1cccc(OCC[N+](CC)(CC)CC)c1OCC[N+](CC)(CC)CC
FDA-approved,,,COc1cc(NC(C)CCCN)c2ncccc2c1
FDA-approved,,,CCCCCCCC/C=C\CCCCCCCC(=O)O
FDA-approved,,,COc1ccc(C[C@@H](C)NC[C@H](O)c2ccc(O)c(NC=O)c2)cc1
FDA-approved,,,CCN(CC)CC#CCOC(=O)[C@](O)(c1ccccc1)C1CCCCC1
FDA-approved,,,CCCCc1oc2ccc(NS(C)(=O)=O)cc2c1C(=O)c1ccc(OCCCN(CCCC)CCCC)cc1
FDA-approved,,,N#Cc1ccc2[nH]cc(CCCCN3CCN(c4ccc5oc(C(N)=O)cc5c4)CC3)c2c1
FDA-approved,,,CC[P+](CC)(CC)[Au-]S[C@@H]1O[C@H](COC(C)=O)[C@@H](OC(C)=O)[C@H](OC(C)=O)[C@H]1OC(C)=O
FDA-approved,,,CCOc1cc(CC(=O)N[C@@H](CC(C)C)c2ccccc2N2CCCCC2)ccc1C(=O)O
FDA-approved,,,NC(=O)c1ncn([C@@H]2O[C@H](CO)[C@@H](O)[C@H]2O)n1
FDA-approved,,,NC(=O)CS(=O)C(c1ccccc1)c1ccccc1
FDA-approved,,,CCCCCCCCc1ccc(CCC(N)(CO)CO)cc1
FDA-approved,,,CC(=O)O
FDA-approved,,,CC(O)C(=O)O
FDA-approved,,,C[C@H](Cc1cc2c(c(C(N)=O)c1)N(CCCO)CC2)NCCOc1ccccc1OCC(F)(F)F
FDA-approved,,,C[C@H]1CNCCc2ccc(Cl)cc21
FDA-approved,,,CCOc1cc2ncc(C#N)c(Nc3ccc(OCc4ccccn4)c(Cl)c3)c2cc1NC(=O)/C=C/CN(C)C
FDA-approved,,,CC(C)C(N)C(=O)OCCOCn1cnc2c(=O)[nH]c(N)nc21
FDA-approved,,,CC(C)C[C@H](CN)CC(=O)O
FDA-approved,,,Cc1ccc(O)c([C@H](CCN(C(C)C)C(C)C)c2ccccc2)c1
FDA-approved,,,CCN(CC)CC#CCOC(=O)C(O)(c1ccccc1)C1CCCCC1
FDA-approved,,,Nc1ccc(S(=O)(=O)Nc2ncccn2)cc1
FDA-approved,,,c1cnc2cc3c(cc2n1)C1CNCC3C1
FDA-approved,,,CC(C)Cc1ccc(C(C)C(=O)O)cc1
FDA-approved,,,CC(C)Cc1ccc(C(C)C(=O)O)cc1
FDA-approved,,,CC(C(=O)O)c1cccc(C(=O)c2ccccc2)c1
FDA-approved,,,COC1(NC(=O)Cc2cccs2)C(=O)N2C(C(=O)O)=C(COC(N)=O)CSC21
FDA-approved,,,C[C@]12CC[C@@H]3c4ccc(O)cc4C[C@@H](CCCCCCCCCS(=O)CCCC(F)(F)C(F)(F)F)[C@H]3[C@@H]1CC[C@@H]2O
FDA-approved,,,CN(C/C=C/c1ccccc1)Cc1cccc2ccccc12
FDA-approved,,,N=C(N=C(N)NCCCCCCN=C(N)N=C(N)Nc1ccc(Cl)cc1)Nc1ccc(Cl)cc1
FDA-approved,,,COc1ccc2c3c1OC1C(=O)CCC4(O)[C@@H](C2)N(C)CC[C@]314
FDA-approved,,,C#CCN(C)Cc1ccccc1
FDA-approved,,,COc1ccccc1OCC(O)CN1CCN(CC(=O)Nc2c(C)cccc2C)CC1
FDA-approved,,,O=C(O)Cc1ccccc1Nc1c(Cl)cccc1Cl
FDA-approved,,,O=C(O[C@H]1CN2CCC1CC2)N1CCc2ccccc2C1c1ccccc1
FDA-approved,,,CC#CC(=O)N1CCC[C@H]1c1nc(-c2ccc(C(=O)Nc3ccccn3)cc2)c2c(N)nccn12
FDA-approved,,,CNCCCC1c2ccccc2C=Cc2ccccc21
FDA-approved,,,COc1cccc([C@@]2(O)CCCC[C@@H]2CN(C)C)c1
FDA-approved,,,CN(C)C[C@H]1CCCC[C@]1(O)c1cccc(O)c1
FDA-approved,,,Cc1ccccc1-c1cc(N2CCN(C)CC2)ncc1N(C)C(=O)C(C)(C)c1cc(C(F)(F)F)cc(C(F)(F)F)c1
FDA-approved,,,CON=C1CN(c2nc3c(cc2F)c(=O)c(C(=O)O)cn3C2CC2)CC1CN
FDA-approved,,,Cc1cccc(C)c1OCC(=O)N[C@@H](Cc1ccccc1)[C@@H](O)C[C@H](Cc1ccccc1)NC(=O)C(C(C)C)N1CCCNC1=O
FDA-approved,,,COC(=O)Nc1nc2cc(C(=O)c3ccccc3)ccc2[nH]1
FDA-approved,,,CCC(CC)[C@H](NC(C)=O)[C@@H]1[C@H](O)C(C(=O)O)C[C@H]1N=C(N)N
FDA-approved,,,CC[C@@H]([C@H](C)O)n1ncn(-c2ccc(N3CCN(c4ccc(OC[C@@H]5CO[C@@](Cn6cncn6)(c6ccc(F)cc6F)C5)cc4)CC3)cc2)c1=O
FDA-approved,,,COc1cc2c(cc1Cc1cccc(Cl)c1F)c(=O)c(C(=O)O)cn2[C@H](CO)C(C)C
FDA-approved,,,N#Cc1ccccc1-c1cc(-c2ccccn2)cn(-c2ccccc2)c1=O
FDA-approved,,,COc1cc(N2CCC(N3CCN(C)CC3)CC2)ccc1Nc1ncc(Cl)c(Nc2ccccc2P(C)(C)=O)n1
FDA-approved,,,C=C(CC)C(=O)c1ccc(OCC(=O)O)c(Cl)c1Cl
FDA-approved,,,C#C[C@]1(O)CC[C@H]2[C@@H]3CCc4cc(O)ccc4[C@H]3CC[C@@]21C
FDA-approved,,,NS(=O)(=O)c1cc2c(cc1Cl)NC(C1CC3C=CC1C3)NS2(=O)=O
FDA-approved,,,Nc1ncnc2c1ncn2[C@@H]1O[C@H](COP(=O)(O)O)[C@@H](O)[C@H]1O
FDA-approved,,,C[C@@H]1CCN(C(=O)CC#N)C[C@@H]1N(C)c1ncnc2[nH]ccc12
FDA-approved,,,Clc1cc(Cl)c(OCC#CI)cc1Cl
FDA-approved,,,C=C[C@@H]1CN2CC[C@H]1C[C@@H]2[C@H](O)c1ccnc2ccc(OC)cc12
FDA-approved,,,Nc1nc(=S)c2[nH]cnc2[nH]1
FDA-approved,,,C=C1/C(=C\C=C2/CCC[C@]3(C)[C@@H]([C@H](C)CCCC(C)(C)O)CC[C@@H]23)C[C@@H](O)C[C@@H]1O
FDA-approved,,,Oc1c(C2=CC[C@@H](c3ccc(Cl)cc3)CC2)c(O)c2ccccc2c1O
FDA-approved,,,CCCN(CCC)S(=O)(=O)c1ccc(C(=O)O)cc1
FDA-approved,,,Nc1nc(=O)c2ncn(CCC(CO)CO)c2[nH]1
FDA-approved,,,CCC(=O)O[C@H]1CC[C@H]2[C@@H]3CC=C4CC(=O)CC[C@]4(C)[C@H]3CC[C@]12C
FDA-approved,,,O=C(O)c1cnccn1
FDA-approved,,,CC(N)C12CC3CC(CC(C3)C1)C2
FDA-approved,,,CC(C)(S)C(N)C(=O)O
FDA-approved,,,O=C(O)c1cc(S(=O)(=O)O)ccc1O
FDA-approved,,,C[C@@H](O[C@H]1OCCN(Cc2n[nH]c(=O)[nH]2)[C@H]1c1ccc(F)cc1)c1cc(C(F)(F)F)cc(C(F)(F)F)c1
FDA-approved,,,CC(C)c1c(C(=O)Nc2ccccc2)c(-c2ccccc2)c(-c2ccc(F)cc2)n1CC[C@@H](O)C[C@@H](O)CC(=O)O
FDA-approved,,,C[C@]12CC[C@H](O)CC1=CC[C@@H]1[C@@H]2CC[C@]2(C)C(=O)CC[C@@H]12
FDA-approved,,,Cc1ccc(-c2cc(C(F)(F)F)nn2-c2ccc(S(C)(=O)=O)cc2)cc1
FDA-approved,,,N#C[C@@H]1C[C@@H]2C[C@@H]2N1C(=O)C(N)C12CC3CC(CC(O)(C3)C1)C2
FDA-approved,,,CC(=O)S[C@@H]1C=C2CC(=O)CC[C@]2(C)[C@H]2CC[C@@]3(C)[C@@H](CC[C@@]34CCC(=O)O4)[C@H]12
FDA-approved,,,CC#CCn1c(N2CCC[C@@H](N)C2)nc2c1c(=O)n(Cc1nc(C)c3ccccc3n1)c(=O)n2C
FDA-approved,,,CN(C)C(N)=NC(=N)N
FDA-approved,,,N[C@H]1C[C@@H]1c1ccccc1
FDA-approved,,,Cc1cn(-c2cc(NC(=O)c3ccc(C)c(Nc4nccc(-c5cccnc5)n4)c3)cc(C(F)(F)F)c2)cn1
FDA-approved,,,C=CCOc1ccccc1OCC(O)CNC(C)C
FDA-approved,,,NCC(=O)CCC(=O)O
FDA-approved,,,CCCCCCC(=O)O
FDA-approved,,,CC(CN(C)C)CN1c2ccccc2CCc2ccccc21
FDA-approved,,,CCC1(C)CC(=O)NC1=O
FDA-approved,,,CCN1CCN(C(=O)NC(C(=O)NC2C(=O)N3C2SC(C)(C)C3C(=O)O)c2ccccc2)C(=O)C1=O
FDA-approved,,,Oc1ccc2c(c1)[C@@]13CCCC[C@@]1(O)[C@@H](C2)N(CC1CCC1)CC3
FDA-approved,,,CC1C(=NC(=O)C(NOC(C)(C)C(=O)O)c2csc(N)n2)C(=O)N1S(=O)(=O)O
FDA-approved,,,CCCCCCCCCCCCCCCCCC(=O)O
FDA-approved,,,O=C(O)c1cc(-c2ccc(F)cc2F)ccc1O
FDA-approved,,,CN(C)CC/C=C1/c2ccccc2Sc2ccc(Cl)cc21
FDA-approved,,,CCOc1nc2cccc(C(=O)O)c2n1Cc1ccc(-c2ccccc2-c2nn[nH]n2)cc1
FDA-approved,,,CC(C)OC(=O)CCC/C=C\C[C@@H]1[C@@H](CC[C@@H](O)CCc2ccccc2)[C@H](O)C[C@@H]1O
FDA-approved,,,CC(=O)O[C@H]1Cc2ccccc2N(C(N)=O)c2ccccc21
FDA-approved,,,Clc1ccc2nsnc2c1NC1=NCCN1
FDA-approved,,,OC(CCN1CCCCC1)(c1ccccc1)C1CC2C=CC1C2
FDA-approved,,,CC(N=C(N=c1cc[nH]cc1)NC#N)C(C)(C)C
FDA-approved,,,N[C@@H]1C[C@H]1c1ccccc1
FDA-approved,,,CC(C)Cn1cnc2c(N)nc3ccccc3c21
FDA-approved,,,C[N+]1(C)[C@@H]2C[C@@H](OC(=O)C(CO)c3ccccc3)C[C@H]1[C@@H]1O[C@@H]12
FDA-approved,,,c1ccc([C@H]2CN3CCSC3=N2)cc1
FDA-approved,,,Cc1cccc([C@@H](C)c2c[nH]cn2)c1C
FDA-approved,,,CCCSc1ccc2[nH]c(NC(=O)OC)nc2c1
FDA-approved,,,CN1CCC(OC(c2ccccc2)c2ccccc2)CC1
FDA-approved,,,CN1CC[C@]23c4c5ccc(O)c4OC2C(=O)CC[C@H]3[C@H]1C5
FDA-approved,,,COc1ccnc(CS(=O)c2nc3cc(OC(F)F)ccc3[nH]2)c1OC
FDA-approved,,,COc1ccc2[nH]c(S(=O)Cc3ncc(C)c(OC)c3C)nc2c1
FDA-approved,,,Cn1cc[nH]c1=S
FDA-approved,,,CCCc1nc(C(C)(C)O)c(C(=O)O)n1Cc1ccc(-c2ccccc2-c2nn[nH]n2)cc1
FDA-approved,,,Cc1nccn1CC1CCc2c(c3ccccc3n2C)C1=O
FDA-approved,,,CN(C)c1ccc2nc3ccc(=[N+](C)C)cc-3sc2c1
FDA-approved,,,OCCN1C[C@H](O)[C@@H](O)[C@H](O)[C@H]1CO
FDA-approved,,,CC/C=C\C/C=C\C/C=C\C/C=C\C/C=C\CCCC(=O)O
FDA-approved,,,CC(C)(N)Cc1ccccc1
FDA-approved,,,CC(C)NC[C@H](O)COc1cccc2ccccc12
FDA-approved,,,Cc1ccc(-n2[nH]c(C)c(N=Nc3cccc(-c4cccc(C(=O)O)c4)c3O)c2=O)cc1C
FDA-approved,,,CCOc1cc([C@@H](CS(C)(=O)=O)N2C(=O)c3cccc(NC(C)=O)c3C2=O)ccc1OC
FDA-approved,,,COc1ccc(NC(=O)c2ccc(C(=N)N(C)C)cc2)c(C(=O)Nc2ccc(Cl)cn2)c1
FDA-approved,,,CS(=O)(=O)c1ccc(C(=O)Nc2ccc(Cl)c(-c3ccccn3)c2)c(Cl)c1
FDA-approved,,,Oc1ccc2c(c1)CC[C@@H]1[C@@H]2CC[C@]2(O)[C@@H](O)CC[C@@H]12
FDA-approved,,,Cc1nc2n(c(=O)c1CCN1CCC(c3noc4cc(F)ccc34)CC1)CCCC2O
FDA-approved,,,COc1ccc(C(=O)c2ccccc2)c(O)c1
FDA-approved,,,CN1CCC[C@@H]1CCO[C@](C)(c1ccccc1)c1ccc(Cl)cc1
FDA-approved,,,CCOC(=O)N[C@@H]1CC[C@@H]2[C@H](CC3C(=O)O[C@H](C)[C@H]3[C@H]2C=Cc2ccc(-c3cccc(F)c3)cn2)C1
FDA-approved,,,CCOC(=O)c1ccc(C#Cc2ccc3c(c2)C(C)(C)CCS3)nc1
FDA-approved,,,OC(c1ccccc1)(c1ccccc1)C12CC[N+](CCOCc3ccccc3)(CC1)CC2
FDA-approved,,,Nc1ccc(C(=O)NCC(=O)O)cc1
FDA-approved,,,CC1(C)SC2C(NC(=O)C(C(=O)O)c3ccsc3)C(=O)N2C1C(=O)O
FDA-approved,,,CC1(C)SC2C(NC(=O)C(C(=O)O)c3ccccc3)C(=O)N2C1C(=O)O
FDA-approved,,,O=C(O)CCCCC(=O)O
FDA-approved,,,O=C(O)C1(C(=O)O)CCC1
FDA-approved,,,C[C@@]12CCCCC[C@@H](Cc3ccc(O)cc31)[C@@H]2N
FDA-approved,,,N#Cc1ccc(Oc2ccc3c(c2)COB3O)cc1
FDA-approved,,,CC(C)CC1C(=O)N2CCCC2[C@]2(O)O[C@](NC(=O)C3CC4c5cccc6[nH]cc(c56)CC4N(C)C3)(C(C)C)C(=O)N12
FDA-approved,,,COc1ccc(C2C(=O)c3ccccc3C2=O)cc1
FDA-approved,,,O=C1c2ccccc2C(=O)C1c1ccccc1
FDA-approved,,,CCCCCCC(C)(C)c1cc(O)c2c(c1)OC(C)(C)[C@@H]1CCC(=O)C[C@@H]21
FDA-approved,,,C/C(=C\C(=O)OCCCCCCCCC(=O)O)C[C@@H]1OC[C@H](C[C@@H]2O[C@H]2[C@@H](C)[C@H](C)O)[C@@H](O)[C@H]1O
FDA-approved,,,O=c1[nH]c2cc(Cl)ccc2o1
FDA-approved,,,Cc1cccc(C)c1NC(=O)C(C)N
FDA-approved,,,CC(C)(C)NC[C@H](O)COc1nsnc1N1CCOCC1
FDA-approved,,,COCC1=C(C(=O)O)N2C(=O)C(=NC(=O)C(NOC)c3csc(N)n3)C2SC1
FDA-approved,,,Cc1ccc(/C(=C\CN2CCCC2)c2ccccn2)cc1
FDA-approved,,,O=C1N=C(c2ccccc2Cl)c2cc(Cl)ccc2NC1O
FDA-approved,,,CCCCCCc1ccc(O)cc1O
FDA-approved,,,Cc1ccc(C(=O)c2ccc(CC(=O)O)n2C)cc1
FDA-approved,,,CN1CC(C(=O)N[C@]2(C)O[C@@]3(O)[C@@H]4CCCN4C(=O)C(Cc4ccccc4)N3C2=O)C[C@@H]2c3cccc4[nH]cc(c34)C[C@H]21
FDA-approved,,,Cc1nnc(NS(=O)(=O)c2ccc(N)cc2)s1
FDA-approved,,,CC(C)NCC(O)c1cc(O)cc(O)c1
FDA-approved,,,O=C(O[C@H]1C[N+]2(CCCOc3ccccc3)CCC1CC2)C(O)(c1cccs1)c1cccs1
FDA-approved,,,C[N+]1(C)[C@@H]2C[C@H](OC(=O)C(O)(c3cccs3)c3cccs3)C[C@@H]1[C@H]1O[C@H]12
FDA-approved,,,CCn1cc(C(=O)O)c(=O)c2cc(F)c(N3CCNCC3)nc21
FDA-approved,,,COCC(NC(C)=O)C(=O)NCc1ccccc1
FDA-approved,,,CN(C)CCC[C@@]1(c2ccc(F)cc2)OCc2cc(C#N)ccc21
FDA-approved,,,C[C@@H](Oc1cc(-c2cnn(C3CCNCC3)c2)cnc1N)c1c(Cl)ccc(F)c1Cl
FDA-approved,,,CN(C)C(=O)Oc1ccc[n+](C)c1
FDA-approved,,,CC(=O)NS(=O)(=O)c1ccc(N)cc1
FDA-approved,,,NC(=O)c1cccc2cn(-c3ccc([C@@H]4CCCNC4)cc3)nc12
FDA-approved,,,CCc1cc2c(cc1CC)CC(NC[C@H](O)c1ccc(O)c3[nH]c(=O)ccc13)C2
FDA-approved,,,COC(=O)C1C=C2CC(=O)CC[C@]2(C)[C@@]23O[C@@H]2C[C@@]2(C)[C@@H](CC[C@@]24CCC(=O)O4)[C@H]13
FDA-approved,,,CC(C)[C@@H]1CC[C@@H](C)C[C@H]1O
FDA-approved,,,COCCOC(=O)C1=C(C)N=C(C)C(C(=O)OC(C)C)C1c1cccc([N+](=O)[O-])c1
FDA-approved,,,CCOc1nc2cccc(C(=O)OC(C)OC(=O)OC3CCCCC3)c2n1Cc1ccc(-c2ccccc2-c2nn[nH]n2)cc1
FDA-approved,,,CC(C)/N=c1/cc2n(-c3ccc(Cl)cc3)c3ccccc3nc-2cc1Nc1ccc(Cl)cc1
FDA-approved,,,COC(=O)C(c1ccccc1Cl)N1CCc2sccc2C1
FDA-approved,,,Cc1nc(-c2ccc(OCC(C)C)c(C#N)c2)sc1C(=O)O
FDA-approved,,,Cc1ccc(C(=O)Nc2ccc(CN3CCN(C)CC3)c(C(F)(F)F)c2)cc1C#Cc1cnc2cccnn12
FDA-approved,,,CN(C)C/C=C/C(=O)Nc1cc2c(Nc3ccc(F)c(Cl)c3)ncnc2cc1O[C@H]1CCOC1
FDA-approved,,,NCCNCCNCCN
FDA-approved,,,CC(CCc1ccc(O)cc1)NCCc1ccc(O)c(O)c1
FDA-approved,,,CCCC(NC(=O)C1[C@H]2CCC[C@H]2CN1C(=O)C(NC(=O)C(NC(=O)c1cnccn1)C1CCCCC1)C(C)(C)C)C(=O)C(=O)NC1CC1
FDA-approved,,,C=CCN1CC[C@]23CCCC[C@H]2[C@H]1Cc1ccc(O)cc13
FDA-approved,,,COc1cc2c(cc1OC)CC(=O)N(CCCN(C)C[C@H]1Cc3cc(OC)c(OC)cc31)CC2
FDA-approved,,,CN1CCc2nc(C(=O)N[C@@H]3CC(C(=O)N(C)C)CC[C@@H]3NC(=O)C(=O)Nc3ccc(Cl)cn3)sc2C1
FDA-approved,,,O=C(O)CN(CCN(CC(=O)O)CC(=O)O)CC(=O)O
FDA-approved,,,CC(=O)N[C@H]1[C@H]([C@H](O)[C@H](O)CO)OC(C(=O)O)=C[C@@H]1N=C(N)N
FDA-approved,,,CC[C@@H](CO)NC(=O)C1C=C2c3cccc4[nH]cc(c34)C[C@H]2N(C)C1
FDA-approved,,,COc1cc2nccc(Oc3ccc(NC(=O)NC4CC4)c(Cl)c3)c2cc1C(N)=O
FDA-approved,,,Fc1ccc([C@@H]2CCNC[C@H]2COc2ccc3c(c2)OCO3)cc1
FDA-approved,,,CC(c1ncncc1F)[C@](O)(Cn1cncn1)c1ccc(F)cc1F
FDA-approved,,,C[C@H]1O[C@H](O[C@H]2[C@H](O)[C@@H](O)[C@@H](O[C@H]3[C@H](O)[C@@H](O)[C@H](O)O[C@@H]3CO)O[C@@H]2CO)[C@H](O)[C@@H](O)[C@@H]1N[C@H]1C=C(CO)[C@@H](O)[C@H](O)[C@H]1O
FDA-approved,,,C[C@]12CC[C@@H]3c4ccc(OC(=O)N(CCCl)CCCl)cc4CC[C@H]3[C@@H]1CC[C@@H]2O
FDA-approved,,,O=c1[nH]c2ccccc2n1C1CCN(CCCC(c2ccc(F)cc2)c2ccc(F)cc2)CC1
FDA-approved,,,CC(C)(C)NC(=O)C1CC[C@H]2[C@@H]3CC[C@H]4NC(=O)C=C[C@]4(C)[C@H]3CC[C@]12C
FDA-approved,,,Cc1nnc(C(C)C)n1[C@@H]1C[C@H]2CC[C@@H](C1)N2CC[C@H](NC(=O)C1CCC(F)(F)CC1)c1ccccc1
FDA-approved,,,CCC[C@@H]1CC(C(=O)N[C@@H]([C@H]2O[C@H](SC)[C@H](O)[C@@H](O)[C@H]2O)[C@@H](C)O)N(C)C1
FDA-approved,,,CON=C(C(=O)NC1C(=O)N2C(C(=O)O)=C(COC(C)=O)CSC12)c1csc(N)n1
FDA-approved,,,CO[C@@]1(NC(=O)Cc2cccs2)C(=O)N2C(C(=O)O)=C(COC(N)=O)CS[C@@H]21
FDA-approved,,,NNC(=O)c1ccncc1
FDA-approved,,,COC(=O)C1=C(C)N=C(C)C(C(=O)OC)C1c1ccccc1[N+](=O)[O-]
FDA-approved,,,NC(=O)C[S@@](=O)C(c1ccccc1)c1ccccc1
FDA-approved,,,COc1ccc(CCN(C)CCC[C@](C#N)(c2ccc(OC)c(OC)c2)C(C)C)cc1OC
FDA-approved,,,COc1ccc2c(c1)N(C[C@@H](C)CN(C)C)c1ccccc1S2
FDA-approved,,,COc1ccc2cc(C(C)C(=O)O)ccc2c1
FDA-approved,,,C[C@]12C=CC(=O)N[C@@H]1CC[C@@H]1[C@@H]2CC[C@]2(C)C(C(=O)Nc3cc(C(F)(F)F)ccc3C(F)(F)F)CC[C@@H]12
FDA-approved,,,O=c1[nH]cc(F)c(=O)[nH]1
FDA-approved,,,O=c1[nH]c(=O)n([C@H]2C[C@H](O)[C@@H](CO)O2)cc1F
FDA-approved,,,CN1CCCC(n2nc(Cc3ccc(Cl)cc3)c3ccccc3c2=O)CC1
FDA-approved,,,CCOc1ccc(Cc2cc([C@]34OC[C@](CO)(O3)[C@@H](O)[C@H](O)[C@H]4O)ccc2Cl)cc1
FDA-approved,,,CC(=O)CC(c1ccccc1)c1c(O)c2ccccc2oc1=O
FDA-approved,,,O=C(O[C@H]1CN2CCC1CC2)N1CCc2ccccc2[C@@H]1c1ccccc1
FDA-approved,,,CCCNC(=O)NS(=O)(=O)c1ccc(Cl)cc1
FDA-approved,,,CC(C)C1CCC(C(=O)NC(Cc2ccccc2)C(=O)O)CC1
FDA-approved,,,Cc1ncc([N+](=O)[O-])n1CC(C)O
FDA-approved,,,CC1(C)SC2C(NC(=O)C(N)c3ccc(O)cc3)C(=O)N2C1C(=O)O
FDA-approved,,,CC1(C)SC2C(NC(=O)C(N)c3ccccc3)C(=O)N2C1C(=O)O
FDA-approved,,,CC1=C(C(=O)O)N2C(=O)C(NC(=O)C(N)c3ccc(O)cc3)C2SC1
FDA-approved,,,CON=C(C(=O)NC1C(=O)N2C(C(=O)[O-])=C(C[N+]3(C)CCCC3)CSC12)c1csc(N)n1
FDA-approved,,,CO[C@@]1(NC(=O)CSCC#N)C(=O)N2C(C(=O)O)=C(CSc3nnnn3C)CS[C@@H]21
FDA-approved,,,CON=C(C(=O)NC1C(=O)N2C(C(=O)O)=C(COC(N)=O)CSC12)c1ccco1
FDA-approved,,,CC1(C)SC2C(NC(=O)C3(N)CCCCC3)C(=O)N2C1C(=O)O
FDA-approved,,,Cc1onc(-c2ccccc2)c1C(=O)NC1C(=O)N2C1SC(C)(C)C2C(=O)O
FDA-approved,,,CCCCN1CCCCC1C(=O)Nc1c(C)cccc1C
FDA-approved,,,CCCCN1CCCCC1C(=O)Nc1c(C)cccc1C
FDA-approved,,,CCCCN1CCCCC1C(=O)Nc1c(C)cccc1C
FDA-approved,,,OC[C@H](O)c1oc(O)c(O)c1O
FDA-approved,,,CCC1=NC(=O)C(CS)NC(=O)C(C(C)C)CC(=O)C[C@@H](/C=C/CCS)OC(=O)C(C(C)C)NC1=O
FDA-approved,,,CO[C@@]12CC[C@@]3(C[C@@H]1[C@](C)(O)C(C)(C)C)[C@H]1Cc4ccc(O)c5c4[C@@]3(CCN1CC1CC1)[C@H]2O5
FDA-approved,,,CCC(=O)O[C@]1(C(=O)SCF)[C@H](C)C[C@H]2[C@@H]3C[C@H](F)C4=CC(=O)C=C[C@]4(C)[C@@]3(F)[C@@H](O)C[C@@]21C
FDA-approved,,,CCCC1O[C@@H]2C[C@H]3[C@@H]4CC=C5CC(=O)C=C[C@]5(C)[C@H]4[C@@H](O)C[C@]3(C)[C@]2(C(=O)CO)O1
FDA-approved,,,C[C@@H]1C[C@H]2[C@@H]3C[C@H](F)C4=CC(=O)C=C[C@]4(C)[C@@]3(F)[C@@H](O)C[C@]2(C)[C@@]1(OC(=O)c1ccco1)C(=O)SCF
FDA-approved,,,N#CC[C@H](C1CCCC1)n1cc(-c2ncnc3[nH]ccc23)cn1
FDA-approved,,,NCCCCCC(=O)O
FDA-approved,,,C=C[C@H](N)CCC(=O)O
FDA-approved,,,C[N+](C)(C)CC(=O)O
FDA-approved,,,C=CC(=O)N1CCC[C@@H](n2nc(-c3ccc(Oc4ccccc4)cc3)c3c(N)ncnc32)C1
FDA-approved,,,CN[C@@H](C)Cc1ccccc1
FDA-approved,,,C[C@H](N)Cc1ccc(O)cc1
FDA-approved,,,C[C@@H](N)Cc1ccc(O)cc1
FDA-approved,,,CC(C)(C)NC[C@H](O)c1ccc(O)c(CO)c1
FDA-approved,,,CCc1cc2c(cc1N1CCC(N3CCOCC3)CC1)C(C)(C)c1[nH]c3cc(C#N)ccc3c1C2=O
FDA-approved,,,Cc1cc2nc3c(=O)[nH]c(=O)nc-3n(C[C@H](O)[C@H](O)[C@H](O)CO)c2cc1C
FDA-approved,,,CNC(=O)c1cc(Oc2ccc(NC(=O)Nc3ccc(Cl)c(C(F)(F)F)c3)c(F)c2)ccn1
FDA-approved,,,NCC1O[C@@H](O[C@H]2[C@@H](O)[C@H](O[C@H]3[C@H](O)[C@@H](N)C[C@@H](N)[C@@H]3O[C@H]3O[C@H](CN)[C@@H](O)[C@H](O)[C@H]3N)O[C@@H]2CO)[C@@H](N)[C@H](O)[C@H]1O
FDA-approved,,,CN[C@@H]1[C@@H](O)[C@@H](O[C@@H]2[C@@H](O)[C@H](O[C@H]3O[C@H]([C@@H](C)NC)CC[C@H]3N)[C@@H](N)C[C@H]2N)OC[C@]1(C)O
FDA-approved,,,C[C@]12CC[C@@H]3c4ccc(OS(=O)(=O)O)cc4CC[C@H]3[C@@H]1CCC2=O
FDA-approved,,,CNCC[C@@H](Oc1ccccc1C)c1ccccc1
FDA-approved,,,COc1ccc2c(c1)[C@]13CCCC[C@@H]1[C@H](C2)N(C)CC3
FDA-approved,,,CN1[C@@H]2CC[C@H]1C[C@@H](OC(c1ccccc1)c1ccccc1)C2
FDA-approved,,,NC[C@H]1O[C@H](O[C@H]2[C@H](O)[C@@H](O[C@H]3O[C@H](CO)[C@@H](O)[C@H](N)[C@H]3O)[C@H](N)C[C@@H]2N)[C@H](N)C[C@@H]1O
FDA-approved,,,COc1cc2c3cc1Oc1cc(ccc1O)C[C@@H]1c4c(cc(OC)c(O)c4Oc4ccc(cc4)C[C@@H]3N(C)CC2)CC[N+]1(C)C
FDA-approved,,,Nc1nc(NC2CC2)c2ncn([C@H]3C=C[C@@H](CO)C3)c2n1
FDA-approved,,,Nc1ccn([C@@H]2CS[C@H](CO)O2)c(=O)n1
FDA-approved,,,C[C@@H]1CN(c2c(F)c(N)c3c(=O)c(C(=O)O)cn(C4CC4)c3c2F)C[C@H](C)N1
FDA-approved,,,O=C(OC1C[C@H]2CC3C[C@H](C1)N2CC3=O)c1c[nH]c2ccccc12
FDA-approved,,,COc1c(N2C[C@@H]3CCCN[C@@H]3C2)c(F)cc2c(=O)c(C(=O)O)cn(C3CC3)c12
FDA-approved,,,C[C@H]1COc2c(N3CCN(C)CC3)c(F)cc3c(=O)c(C(=O)O)cn1c23
FDA-approved,,,CC(NC(CCc1ccccc1)C(=O)O)C(=O)N1CCCC1C(=O)O
FDA-approved,,,COC(=O)C1=C(C)N=C(C)C(C(=O)OCCN(C)Cc2ccccc2)C1c1cccc([N+](=O)[O-])c1
FDA-approved,,,Nc1nc(=O)c2nc(CNc3ccc(C(=O)NC(CCC(=O)O)C(=O)O)cc3)cnc2[nH]1
FDA-approved,,,CC1(C)CC1C(=O)N=C(CCCCCSCC(N)C(=O)O)C(=O)O
FDA-approved,,,C[C@]12C=CC(=O)CC1=CC[C@@H]1[C@@H]2CC[C@]2(C)OC(=O)CC[C@@H]12
FDA-approved,,,NCCCCC(NC(CCc1ccccc1)C(=O)O)C(=O)N1CCCC1C(=O)O
FDA-approved,,,CN1[C@H]2CC(OC(=O)C(CO)c3ccccc3)C[C@H]1[C@@H]1O[C@H]12
FDA-approved,,,CCC(C)C(=O)O[C@H]1C[C@H](O)C=C2C=C[C@H](C)[C@H](CC[C@@H](O)C[C@@H](O)CC(=O)O)[C@H]21
FDA-approved,,,CC(C)n1c(/C=C/[C@@H](O)C[C@@H](O)CC(=O)O)c(-c2ccc(F)cc2)c2ccccc21
FDA-approved,,,CCOC(=O)C(CCc1ccccc1)NC(C)C(=O)N1Cc2ccccc2CC1C(=O)O
FDA-approved,,,NC[C@H]1O[C@H](O[C@H]2[C@H](O)[C@@H](O[C@H]3O[C@H](CO)[C@@H](O)[C@H](N)[C@H]3O)[C@H](N)C[C@@H]2N)[C@H](N)[C@@H](O)[C@@H]1O
FDA-approved,,,COc1cccc2c(O)c3c(c(O)c12)C(=O)C1=C(C[C@@](O)(C(C)=O)C[C@@H]1O[C@H]1C[C@H](N)[C@H](O)[C@H](C)O1)C3=O
FDA-approved,,,Cc1ccsc1C(=CCCN1CCCC(C(=O)O)C1)c1sccc1C
FDA-approved,,,CN(C)C1C(=O)C(C(N)=O)C(=O)[C@@]2(O)C(=O)C3C(=O)c4c(O)cccc4[C@@](C)(O)[C@H]3C[C@@H]12
FDA-approved,,,C[N+]12CCC(CC1)[C@@H](OC(=O)C(O)(c1ccccc1)c1ccccc1)C2
FDA-approved,,,CN[C@]1(C)[C@@H]2CC[C@@H](C2)C1(C)C
FDA-approved,,,CCOC(=O)C(CCc1ccccc1)NC(C)C(=O)N1C(C(=O)O)C[C@H]2CCCC[C@@H]21
FDA-approved,,,C=C1/C(=C\C=C2/CCC[C@]3(C)[C@@H]([C@H](C)/C=C/[C@@H](O)C4CC4)CC[C@@H]23)C[C@@H](O)C[C@@H]1O
FDA-approved,,,Clc1ccc(C(Cn2ccnc2)OCc2ccsc2Cl)c(Cl)c1
FDA-approved,,,O=c1[nH]c(=O)n([C@H]2C[C@H](O)[C@@H](CO)O2)cc1I
FDA-approved,,,Cc1cn([C@H]2C[C@H](N=[N+]=[N-])[C@@H](CO[P@](=O)(O)O[P@](=O)(O)OP(=O)(O)O)O2)c(=O)[nH]c1=O
FDA-approved,,,COc1cccc2c(O)c3c(c(O)c12)C(=O)C1=C(C[C@@](O)(C(=O)CO)C[C@@H]1O[C@H]1C[C@@H](N)[C@H](O)[C@H](C)O1)C3=O
FDA-approved,,,CC1(C)SC2C(NC(=O)COc3ccccc3)C(=O)N2C1C(=O)O
FDA-approved,,,CC1=C(C(=O)O)N2C(=O)C(NC(=O)C(N)C3=CCC=CC3)C2SC1
FDA-approved,,,Nc1nc(C(CCC(=O)O)C(=O)N=C2C(=O)N3C(C(=O)O)=CCSC23)cs1
FDA-approved,,,Cc1nnc(SCC2=C(C(=O)O)N3C(=O)C(NC(=O)Cn4cnnn4)C3SC2)s1
FDA-approved,,,CO[C@@]1(NC(=O)C(C(=O)O)c2ccc(O)cc2)C(=O)N2C(C(=O)O)=C(CSc3nnnn3C)CO[C@@H]21
FDA-approved,,,CC(=O)OCC1=C(C(=O)O)N2C(=O)C(NC(=O)CSc3ccncc3)C2SC1
FDA-approved,,,COc1ccc2c3c1OC1C(=O)CC[C@@]4(O)[C@@H](C2)N(C)CC[C@]314
FDA-approved,,,C[C@@H]1C/C=C/C=C/C=C/C=C/[C@H](O[C@@H]2O[C@H](C)[C@@H](O)[C@H](N)[C@@H]2O)C[C@@H]2O[C@](O)(C[C@@H](O)C[C@H]3O[C@@H]3/C=C/C(=O)O1)C[C@H](O)C2C(=O)O
FDA-approved,,,OB1OCc2cc(F)ccc21
FDA-approved,,,CC(C)=c1nc(N(C)S(C)(=O)=O)nc(-c2ccc(F)cc2)c1=CC[C@@H](O)C[C@@H](O)CC(=O)O
FDA-approved,,,O=C(O)C[C@H](O)C[C@H](O)/C=C/c1c(C2CC2)nc2ccccc2c1-c1ccc(F)cc1
FDA-approved,,,C[C@]12CCC(=O)CC1=CC[C@@H]1[C@@H]2[C@@H](O)C[C@@]2(C)[C@H]1CC[C@]2(O)C(=O)COC(=O)CCC1CCCC1
FDA-approved,,,O=C1C(CC[C@H](O)c2ccc(F)cc2)[C@@H](c2ccc(O)cc2)N1c1ccc(F)cc1
FDA-approved,,,C[C@H](O)[C@H](O)[C@H]1CNc2[nH]c(N)nc(=O)c2N1
FDA-approved,,,Cc1ncc(C[n+]2csc(CCO)c2C)c(N)n1
FDA-approved,,,Cn1cnc([N+](=O)[O-])c1Sc1ncnc2[nH]cnc12
FDA-approved,,,Cc1ncc([N+](=O)[O-])n1CCO
FDA-approved,,,CC(C)N1CCN(c2ccc(OC[C@H]3CO[C@](Cn4cncn4)(c4ccc(Cl)cc4Cl)O3)cc2)CC1
FDA-approved,,,CC(=O)O[C@]1(C(C)=O)CC[C@H]2C3=C(C4=C(CC3)CC(=O)CC4)C(c3ccc(N(C)C)cc3)C[C@@]21C
FDA-approved,,,C[C@H](CCC(=O)O)[C@H]1CC[C@H]2[C@@H]3CC[C@@H]4C[C@H](O)CC[C@]4(C)[C@H]3C[C@H](O)[C@]12C
FDA-approved,,,N#C[Fe-2](C#N)(C#N)(C#N)(C#N)N=O
FDA-approved,,,CC1(C)SC2C(NC(=O)Cc3ccccc3)C(=O)N2C1C(=O)O
FDA-approved,,,C[N+]1(C)CCCC(OC(=O)C(O)(c2ccccc2)c2ccccc2)C1
FDA-approved,,,OC[C@H]1O[C@@H](O[C@@H]2[C@@H](CO)O[C@](O)(CO)[C@H]2O)[C@H](O)[C@@H](O)[C@H]1O
FDA-approved,,,CNCCC[C@]12CC[C@H](c3ccccc31)c1ccccc12
FDA-approved,,,CC(C)[N+]1(C)C2CCC1CC(OC(=O)C(CO)c1ccccc1)C2
FDA-approved,,,CC(C)/N=c1\cc2n(-c3ccc(Cl)cc3)c3ccccc3nc-2cc1Nc1ccc(Cl)cc1
FDA-approved,,,CN(C)C(=O)N[C@H]1CC[C@H](CCN2CCN(c3cccc(Cl)c3Cl)CC2)CC1
FDA-approved,,,C[C@H](CCC(=O)O)[C@H]1CC[C@H]2[C@]3(C)CC[C@@H]4C[C@H](O)CC[C@]4(C)[C@H]3C[C@H](O)[C@]12C
FDA-approved,,,CCC(c1cccc(O)c1)[C@@H](C)CN(C)C
FDA-approved,,,COc1ccc2c3c1OC1C(=O)CC[C@H]4[C@@H](C2)N(C)CC[C@]314
FDA-approved,,,Cc1ccc([C@@H]2O[C@H](CO)[C@@H](O)[C@H](O)[C@H]2O)cc1Cc1ccc(-c2ccc(F)cc2)s1
FDA-approved,,,CCN1CCN(C(=O)NC(C(=O)NC2C(=O)N3C(C(=O)O)=C(CSc4nnnn4C)CSC23)c2ccc(O)cc2)C(=O)C1=O
FDA-approved,,,O=C(c1ccc(F)c(F)c1Nc1ccc(I)cc1F)N1CC(O)([C@@H]2CCCCN2)C1
FDA-approved,,,Cc1c(C(=O)Nc2ccc(N3C[C@@H](C)O[C@@H](C)C3)nc2)cccc1-c1ccc(OC(F)(F)F)cc1
FDA-approved,,,CCCNS(=O)(=O)Nc1ncnc(OCCOc2ncc(Br)cn2)c1-c1ccc(Br)cc1
FDA-approved,,,CCCS(=O)(=O)Nc1ccc(F)c(C(=O)c2c[nH]c3ncc(-c4ccc(Cl)cc4)cc23)c1F
FDA-approved,,,CCCSc1nc(N[C@@H]2C[C@H]2c2ccc(F)c(F)c2)c2nnn([C@@H]3C[C@H](OCCO)[C@@H](O)[C@H]3O)c2n1
FDA-approved,,,CC(C(=O)O)c1ccc2c(c1)[nH]c1ccc(Cl)cc12
FDA-approved,,,CC(C(=O)O)c1ccc2c(c1)[nH]c1ccc(Cl)cc12
FDA-approved,,,C=C1C[C@@H]2[C@H](CC[C@]3(C)C(=O)CC[C@@H]23)[C@@]2(C)C=CC(=O)C=C12
FDA-approved,,,CC(C)C[C@H](NC(=O)CNC(=O)c1cc(Cl)ccc1Cl)B(O)O
FDA-approved,,,COc1cc(Nc2ncc(F)c(Nc3ccc4c(n3)N(COP(=O)(O)O)C(=O)C(C)(C)O4)n2)cc(OC)c1OC
FDA-approved,,,Cc1ccc(Sc2ccccc2N2CCNCC2)c(C)c1
FDA-approved,,,CCOC(=O)C1(c2ccccc2)CCN(CCC(C#N)(c2ccccc2)c2ccccc2)CC1
FDA-approved,,,CC[C@H](Nc1ncnc2[nH]cnc12)c1nc2cccc(F)c2c(=O)n1-c1ccccc1
FDA-approved,,,CN1[C@@H]2CC[C@H]1C[C@@H](OC(=O)C(CO)c1ccccc1)C2
FDA-approved,,,CN=C(NC#N)NCCSCc1[nH]cnc1C
FDA-approved,,,O=c1[nH]cnc2c1ncn2[C@H]1CC[C@@H](CO)O1
FDA-approved,,,COC(=O)CCc1ccc(OCC(O)CNC(C)C)cc1
FDA-approved,,,O=C(O)c1cc(=O)c2c(OCC(O)COc3cccc4oc(C(=O)O)cc(=O)c34)cccc2o1
FDA-approved,,,CC(C)NC[C@@H](O)COc1ccc(CCOCC2CC2)cc1
FDA-approved,,,CC(C)NCC(O)COc1ccc(CCOCC2CC2)cc1
FDA-approved,,,C[C@@H](N)[C@@H](O)c1ccccc1
FDA-approved,,,CC[C@]1(c2ccc(N)cc2)CCC(=O)NC1=O
FDA-approved,,,CC[C@@]1(c2ccc(N)cc2)CCC(=O)NC1=O
FDA-approved,,,CCCCc1nc(Cl)c(CO)n1Cc1ccc(-c2ccccc2-c2nn[nH]n2)cc1
FDA-approved,,,CC(=O)O[C@H]1CC[C@@]2(C)C(=CC[C@@H]3[C@@H]2CC[C@]2(C)C(c4cccnc4)=CC[C@@H]32)C1
FDA-approved,,,CC(C)NC[C@@H](O)c1ccc(O)c(O)c1
FDA-approved,,,O=C1CN=C(c2ccccc2)c2cc(Cl)ccc2N1CC(F)(F)F
FDA-approved,,,CN1C(=O)C(O)N=C(c2ccccc2)c2cc(Cl)ccc21
FDA-approved,,,C#C[C@]1(O)CC[C@H]2[C@@H]3CC=C4CC(=O)CCC4[C@H]3CC[C@@]21C
FDA-approved,,,Oc1ccc(OCc2ccccc2)cc1
FDA-approved,,,C#C[C@]1(O)CC[C@H]2[C@@H]3CC=C4CC(=O)CCC4[C@H]3CC[C@@]21CC
FDA-approved,,,Cl[C@H]1[C@H](Cl)[C@@H](Cl)[C@@H](Cl)[C@H](Cl)[C@H]1Cl
FDA-approved,,,C[C@]12CCC(=O)CC1=CC[C@@H]1[C@@H]2CC[C@@]2(C)[C@H]1CC[C@]2(C)O
FDA-approved,,,C=C[C@H]1CN2CCC1C[C@@H]2[C@@H](O)c1ccnc2ccc(OC)cc12
FDA-approved,,,C=C[C@H]1CN2CCC1C[C@H]2[C@H](O)c1ccnc2ccc(OC)cc12
FDA-approved,,,OCc1cc([C@@H](O)CNCCCCCCOCCOCc2c(Cl)cccc2Cl)ccc1O
FDA-approved,,,CC(C)Cc1ccc(C(C)C(=O)O)cc1
FDA-approved,,,C[C@@H](NCCCc1cccc(C(F)(F)F)c1)c1cccc2ccccc12
FDA-approved,,,O=C1c2cccc3c2[C@H](CCC3)CN1[C@@H]1CN2CCC1CC2
FDA-approved,,,C[N+]1(C)CCC(OC(=O)C(O)(c2ccccc2)C2CCCC2)C1
FDA-approved,,,CCCCN1CCCCC1C(=O)Nc1c(C)cccc1C
FDA-approved,,,CCn1cc(C(=O)O)c(=O)c2cc(F)c(N3CCNC(C)C3)c(F)c21
FDA-approved,,,Cc1cccc(C)c1NC(=O)C1CCCCN1C
FDA-approved,,,COc1ccc2c(c1)N(C[C@H](C)CN(C)C)c1ccccc1S2
FDA-approved,,,C[C@H](c1cc2ccccc2s1)N(O)C(N)=O
FDA-approved,,,S=P(N1CC1)(N1CC1)N1CC1
FDA-approved,,,C[C@@](Cc1ccc(O)c(O)c1)(NN)C(=O)O
FDA-approved,,,N=C(N)N
FDA-approved,,,C[C@H](CCC(=O)O)[C@H]1CC[C@H]2[C@@H]3[C@H](O)C[C@@H]4C[C@H](O)CC[C@]4(C)[C@H]3CC[C@]12C
FDA-approved,,,CC(=O)NC(CS)C(=O)O
FDA-approved,,,CC(=O)Oc1ccccc1C(=O)O
FDA-approved,,,CC(C)(ON=C(C(=O)NC1C(=O)N2C(C(=O)[O-])=C(C[n+]3ccccc3)CSC12)c1csc(N)n1)C(=O)O
FDA-approved,,,NC(=O)NN=Cc1ccc([N+](=O)[O-])o1
FDA-approved,,,CCC(=O)OCC(=O)[C@@]1(OC(=O)CC)[C@@H](C)C[C@H]2[C@@H]3CC=C4CC(=O)C=C[C@]4(C)[C@@]3(F)[C@@H](O)C[C@@]21C
FDA-approved,,,CN(C)c1ccc(O)c2c1C[C@H]1C[C@H]3C(N(C)C)C(=O)C(C(N)=O)C(=O)[C@@]3(O)C(=O)C1C2=O
FDA-approved,,,NC(CCC(=O)NC(CS)C(=O)NCC(=O)O)C(=O)O
FDA-approved,,,CCC[C@@H]1CC(=O)N(C(CC)C(N)=O)C1
FDA-approved,,,CCC(C(N)=O)N1CCCC1=O
FDA-approved,,,CON=C(C(=O)NC1C(=O)N2C(C(=O)O)=C(COC(N)=O)CSC12)c1ccco1
FDA-approved,,,C#C[C@]1(O)CC[C@H]2[C@@H]3CCC4=CCCC[C@@H]4[C@H]3C(=C)C[C@@]21CC
FDA-approved,,,CC(=O)[C@@]1(O)CC[C@H]2[C@@H]3CC=C4CC(=O)CC[C@]4(C)[C@H]3CC[C@@]21C
FDA-approved,,,C#C[C@]1(O)CC[C@H]2[C@@H]3CC=C4CC(=O)CCC4[C@H]3C(=C)C[C@@]21CC
FDA-approved,,,C#C[C@]1(O)CC[C@H]2[C@@H]3CCC4=Cc5oncc5C[C@]4(C)[C@H]3CC[C@@]21C
FDA-approved,,,CCC[C@@H]1CC(C(=O)N[C@H]([C@H](C)Cl)[C@@]2(C)O[C@H](SC)[C@H](O)[C@@H](O)[C@H]2O)N(C)C1
FDA-approved,,,CO[C@@H]1[C@@H](OC(N)=O)[C@H](O)[C@@H](Oc2ccc3c(=O)c(NC(=O)c4ccc(O)c(CC=C(C)C)c4)c(O)oc3c2C)OC1(C)C
FDA-approved,,,CC(C)OC(=O)CCC/C=C\C[C@H]1[C@H](CC[C@@H](O)CCc2ccccc2)[C@@H](O)C[C@H]1O
FDA-approved,,,CO[C@H]1[C@H](N(C)C(=O)c2ccccc2)C[C@@H]2O[C@@]1(C)n1c3ccccc3c3c4c(c5c6ccccc6n2c5c31)C(=O)NC4
FDA-approved,,,S=c1[nH]cnc2[nH]cnc12
FDA-approved,,,CC(=O)O[C@H]1C[C@@H]2CC[C@@H]3[C@H](CC[C@@]4(C)[C@H]3C[C@H]([N+]3(C)CCCCC3)[C@@H]4OC(C)=O)[C@@]2(C)C[C@@H]1N1CCCCC1
FDA-approved,,,Nc1ncn([C@@H]2O[C@H](CO)[C@@H](O)[C@H]2O)c(=O)n1
FDA-approved,,,CNC(=O)c1ccc(N2C(=S)N(c3ccc(C#N)c(C(F)(F)F)c3)C(=O)C2(C)C)cc1F
FDA-approved,,,C=CCN1CC(C(=O)N(CCCN(C)C)C(=O)NCC)C[C@@H]2c3cccc4[nH]cc(c34)C[C@H]21
FDA-approved,,,NCC1CCC(C(=O)O)CC1
FDA-approved,,,CC(C)(C)c1nc(-c2cccc(NS(=O)(=O)c3c(F)cccc3F)c2F)c(-c2ccnc(N)n2)s1
FDA-approved,,,C=c1c(N)c(O)c2c(c1O)N1C[C@@H]3N[C@@H]3[C@]1(OC)C=2COC(N)=O
FDA-approved,,,CN1C[C@H]2c3ccccc3Oc3ccc(Cl)cc3[C@@H]2C1
FDA-approved,,,CCCCCCOC(=O)N=C(N)c1ccc(NCc2nc3cc(C(=O)N(CCC(=O)OCC)c4ccccn4)ccc3n2C)cc1
FDA-approved,,,CN(C)c1ccc2nc3ccc(=[N+](C)C)cc-3sc2c1
FDA-approved,,,COC(=O)C1=C(C)N=C(C)C(C(=O)OC(C)C)C1c1cccc2nonc12
FDA-approved,,,CN(Cc1ccc(C(C)(C)C)cc1)Cc1cccc2ccccc12
FDA-approved,,,Cc1cc(Nc2ncc(Cl)c(Nc3ccccc3S(=O)(=O)C(C)C)n2)c(OC(C)C)cc1C1CCNCC1
FDA-approved,,,O=C(O)c1cc(=O)c2c(OCC(O)COc3cccc4oc(C(=O)O)cc(=O)c34)cccc2o1
FDA-approved,,,O=P(O)(O)C(Sc1ccc(Cl)cc1)P(=O)(O)O
FDA-approved,,,CCCCCCCCCc1ccc(OCCOCCOCCOCCOCCOCCOCCOCCOCCO)cc1
FDA-approved,,,CCCc1nc(C(C)(C)O)c(C(=O)OCc2oc(=O)oc2C)n1Cc1ccc(-c2ccccc2-c2nn[nH]n2)cc1
FDA-approved,,,CN1[C@@H]2CCC[C@H]1C[C@@H](NC(=O)c1nn(C)c3ccccc13)C2
FDA-approved,,,CN1C[C@H]2c3ccccc3Oc3ccc(Cl)cc3[C@@H]2C1
FDA-approved,,,NC(=O)N1c2ccccc2C2OC2c2ccccc21
FDA-approved,,,CNCc1ccc(-c2[nH]c3cc(F)cc4c3c2CCNC4=O)cc1
FDA-approved,,,CC[C@@H](CO)NCCN[C@@H](CC)CO
FDA-approved,,,CCCCCCCC/C=C\CCCCCCCC(=O)O
FDA-approved,,,CN1[C@@H]2CCC[C@H]1C[C@H](NC(=O)c1nn(C)c3ccccc13)C2
FDA-approved,,,O=C(O[C@H]1C[C@H]2CC3C[C@@H](C1)N2CC3=O)c1c[nH]c2ccccc12
FDA-approved,,,CN1[C@@H]2C[C@@H](OC(=O)C(CO)c3ccccc3)C[C@H]1[C@@H]1O[C@H]12
FDA-approved,,,CC(=O)OCC(=O)[C@@]1(O)CC[C@H]2[C@@H]3CC=C4CC(=O)CC[C@]4(C)C3C(=O)C[C@@]21C
R-BIND2,5FDQD,,Cc1cc2nc3c(=O)[nH]c(=O)nc-3n(CCC(C)c3ccc(F)cc3)c2cc1C
R-BIND2,Ribocil-B,,CNc1ncc(CN2CCC[C@H](c3nc(-c4cccs4)cc(=O)[nH]3)C2)cn1
R-BIND2,Ribocil-C,,O=c1cc(-c2cccs2)[nH]c([C@H]2CCCN(Cc3cn(-c4ncccn4)cn3)C2)n1
R-BIND2,Roseoflavin,,Cc1cc2nc3c(=O)[nH]c(=O)nc-3n(C[C@H](O)[C@H](O)[C@H](O)CO)c2cc1N(C)C
R-BIND2,"2,6-Diaminopurine",,Nc1nc(N)c2[nH]cnc2n1
R-BIND2,Pyrithiamine,,Cc1ncc(C[n+]2cccc(CCO)c2C)c(N)n1
R-BIND2,2-Amino-N6-Hydroxyadenine,,Nc1nc(=NO)c2[nH]cnc2[nH]1
R-BIND2,PC1,,Nc1nc(=O)c(N)c(N)[nH]1
R-BIND2,Chelerythrine,,COc1ccc2c(c[n+](C)c3c4cc5c(cc4ccc23)OCO5)c1OC
R-BIND2,Dequalinium,,Cc1cc(N)c2ccccc2[n+]1CCCCCCCCCC[n+]1c(C)cc(N)c2ccccc21
R-BIND2,Harmane,,Cc1nccc2c1[nH]c1ccccc12
R-BIND2,Harmine,,COc1ccc2c(c1)[nH]c1c(C)nccc12
R-BIND2,Proflavine,,Nc1ccc2cc3ccc(N)cc3nc2c1
R-BIND2,Staurosporine,,CN[C@H]1CC2OC(C)([C@H]1OC)n1c3ccccc3c3c4c(c5c6ccccc6n2c5c31)C(=O)NC4
R-BIND2,Pentamidine,,N=C(N)c1ccc(OCCCCCOc2ccc(C(=N)N)cc2)cc1
R-BIND2,Methylquinolinium 15,,C[n+]1c(C=Cc2cc3ccccc3[nH]2)ccc2ccccc21
R-BIND2,Methylquinolinium 16,,CCn1c2ccccc2c2cc(/C=C/c3ccc4ccccc4[n+]3C)ccc21
R-BIND2,Methylquinolinium 22,,CN1CCN(c2cc(/C=C/c3ccc(N4CCOCC4)cc3)[n+](C)c3ccccc23)CC1
R-BIND2,Methylquinolinium 23,,CN1CCN(c2cc(C=Cc3cc4ccccc4[nH]3)[n+](C)c3ccccc23)CC1
R-BIND2,Methylquinolinium 24,,CCn1c2ccccc2c2cc(/C=C/c3cc(N4CCN(C)CC4)c4ccccc4[n+]3C)ccc21
R-BIND2,Compound 1,,Nc1ccc(-c2cc3ccc(C4=NCCN4)cc3[nH]2)cc1
R-BIND2,Compound 2,,N=C(N)c1ccc(Nc2ccc(-c3cc4ccc(C(=N)N)cc4[nH]3)cc2)cc1
R-BIND2,Compound 2,,N=C(N)c1ccc(Nc2ccc(-c3cc4ccc(C(=N)N)cc4[nH]3)cc2)cc1
R-BIND2,Compound 4,,C[n+]1ccc(Nc2ccc(NC(=O)c3ccc(Nc4cc[n+](C)c5ccc(N)cc45)cc3)cc2)cc1
R-BIND2,RGB-1,,O=c1c2c(-c3ccco3)csc2nc2n1Cc1nc3scc(-c4ccco4)c3c(=O)n1C2
R-BIND2,Benzimidazole 1 (2014),,CN1CCN(c2ccc3[nH]c(-c4cc(C(C)(C)C)c(OCCCC(=O)NCCCN=[N+]=[N-])c(C(C)(C)C)c4)nc3c2)CC1
R-BIND2,D6,,N=C(N)Nc1ccc(C(=O)Oc2ccc(N=C(N)N)cc2)cc1
R-BIND2,Hydroxyellipticine 1a,,Cc1c2cc[n+](CCN3CCCCC3)cc2c(C)c2c1[nH]c1ccc(O)cc12
R-BIND2,Hydroxyellipticine 1a,,Cc1c2cc[n+](CCN3CCCCC3)cc2c(C)c2c1[nH]c1ccc(O)cc12
R-BIND2,Benzimidazole 1 (2015),,O=[N+]([O-])c1ccc2[nH]c(CCCc3nc4cc([N+](=O)[O-])ccc4[nH]3)nc2c1
R-BIND2,Benzimidazole 16 (2015),,O=C(Nc1ccc(-c2nc3cc(NC(=O)c4ccco4)ccc3[nH]2)cc1)c1ccco1
R-BIND2,Benzimidazole 17 (2015),,O=C(Nc1ccc(-c2nc3ccccc3[nH]2)cc1)c1ccc(-c2ccc(Cl)cc2)o1
R-BIND2,H1,,Nc1cccc(-c2nc3cc(-c4ccc5[nH]c(-c6cccc(N)c6)nc5c4)ccc3[nH]2)c1
R-BIND2,Lomofungin,,COC(=O)c1ccc(=O)c2nc3c(=CO)c(=O)cc(O)c3[nH]c12
R-BIND2,Naphthyridine 2,,N#Cc1c(N2CCCC2)nc(N)c2c(N)nc(N3CCCC3)cc12
R-BIND2,Naphthyridine 2,,N#Cc1c(N2CCCC2)nc(N)c2c(N)nc(N3CCCC3)cc12
R-BIND2,p1,,O=C(Nc1ccccn1)c1cccc(OCc2cscn2)c1
R-BIND2,p7,,O=C(Nc1ccc(NC(=O)c2ccc(F)cc2)nc1)c1ccncc1
R-BIND2,Pyrvinium,,Cc1cc(/C=C/c2ccc3cc(N(C)C)ccc3[n+]2C)c(C)n1-c1ccccc1
R-BIND2,NVS-SM1,,CC1(C)CC(Oc2ccc(-c3ccc(-c4cn[nH]c4)cc3O)nn2)CC(C)(C)N1
R-BIND2,NVS-SM2,,CN(c1ccc(-c2ccc(-c3cn[nH]c3)cc2O)nn1)C1CC(C)(C)NC(C)(C)C1
R-BIND2,IRAB,,CN(C)CCCn1c(N)nc2ccc3oc(CN(C)C)cc3c21
R-BIND2,Benzimidazole 3,,CN(C)CCCOc1ccc2nc(N)n(CCCN(C)C)c2c1
R-BIND2,Benzimidazole 10,,CN(C)CCCOc1ccc2nc3n(c2c1)CC(CN(C)C)CN3
R-BIND2,Benzimidazole 11 / Isis-11,,CN(C)CCCn1c(N)nc2ccc3c(c21)CC(CCN(C)C)O3
R-BIND2,Benzimidazole 12,,CN(C)CCCn1c(N)nc2ccc3c(c21)CC(CN(C)C)CO3
R-BIND2,Benzimidazole 13 / Isis-13,,CN(C)CC1COc2ccc3nc4n(c3c2C1)CC(CN(C)C)CN4
R-BIND2,Isis-22,,CN(C)CC1CNc2nc3ccc4c(c3n2C1)CC(CN(C)C)O4
R-BIND2,DB213,,CN(C)CCCN=C(N)c1ccc(C(=N)NCCCN(C)C)cc1
R-BIND2,DB213,,CN(C)CCCN=C(N)c1ccc(C(=N)NCCCN(C)C)cc1
R-BIND2,Clomiphene,,CCN(CC)CCOc1ccc(/C(=C(/Cl)c2ccccc2)c2ccccc2)cc1
R-BIND2,Cyproheptadine,,CN1CCC(=C2c3ccccc3C=Cc3ccccc32)CC1
R-BIND2,4478-7480,,CCc1nc2sc(C(=O)Nc3cccc(C(F)(F)F)c3)c(N)c2cc1C
R-BIND2,Aminoquinolone 7a,,CC(C)(C)n1cc(C(=O)O)c(=O)c2cc(N)c(N3CCN(c4ccccn4)CC3)cc21
R-BIND2,Aminoquinolone 8a,,Nc1cc2c(=O)c(C(=O)O)cn(C3CC3)c2cc1N1CCN(c2ccccn2)CC1
R-BIND2,Aminoquinolone 22a,,Cn1cc(C(=O)O)c(=O)c2cc(F)c(N3CCN(c4ccccn4)CC3)cc21
R-BIND2,WM5,,Cn1cc(C(=O)O)c(=O)c2cc(N)c(N3CCN(c4ccccn4)CC3)cc21
R-BIND2,DB60,,c1cc(-c2ccc(-c3ccc(C4=NCCN4)cc3)o2)ccc1C1=NCCN1
R-BIND2,DB75 / Furamidine,,N=C(N)c1ccc(-c2ccc(-c3ccc(C(=N)N)cc3)o2)cc1
R-BIND2,DB75 / Furamidine,,N=C(N)c1ccc(-c2ccc(-c3ccc(C(=N)N)cc3)o2)cc1
R-BIND2,Prochlorperazine,,CN1CCN(CCCN2c3ccccc3Sc3ccc(Cl)cc32)CC1
R-BIND2,Quinozaline 3,,Nc1nc(N)c2c(N)c(N)ccc2n1
R-BIND2,S-Amino Acid Conjugate 1b,,CC(=O)Nc1nc(-c2cccc(NC(=O)C(N)CCCCN)c2)cs1
R-BIND2,S-Amino Acid Conjugate 3b,,CC(=O)Nc1nc(-c2cccc(NC(=O)C(N)Cc3c[nH]cn3)c2)cs1
R-BIND2,ST4133609,,Cc1ccc2c(N)c(C(=O)Nc3cccc(C(F)(F)F)c3)sc2n1
R-BIND2,DPQ,,COc1cc2nc(N3CCNCC3)nc(N)c2cc1OC
R-BIND2,DPQ 6,,CCC(=O)N1CCN(c2nc(N)c3cc(OC)c(OC)cc3n2)CC1
R-BIND2,DPQ 7,,COc1cc2nc(N3CCN(C(=O)C(C)C)CC3)nc(N)c2cc1OC
R-BIND2,DPQ 8,,CCCC(=O)N1CCN(c2nc(N)c3cc(OC)c(OC)cc3n2)CC1
R-BIND2,DPQ 10,,COc1cc2nc(N3CCN(C(=O)C4CC4)CC3)nc(N)c2cc1OC
R-BIND2,Kaempferol,,O=c1c(O)c(-c2ccc(O)cc2)oc2cc(O)cc(O)c12
R-BIND2,Compound 43 (MTDB),,CCOC(=O)c1ccccc1NC(=O)N1CCCN(Cc2csc(C)n2)CC1
R-BIND2,Compound 1 (2017),,CCN(CC)CCOc1ccc(Nc2nc(-c3ccccc3NC(=O)CCN3CCN(C)CC3)nc3ccccc23)cc1
R-BIND2,Targapremir-18a,,CN1CCN(c2ccc(-c3ccc4[nH]c(-c5cc(C(C)(C)C)c(OCCCC(=O)NCCCN=[N+]=[N-])c(C(C)(C)C)c5)nc4c3)cc2)CC1
R-BIND2,Targapremir-210,,CN1CCN(c2ccc3[nH]c(-c4ccc5[nH]c(-c6cccc(OCCCC(=O)NCCCN=[N+]=[N-])c6)nc5c4)nc3c2)CC1
R-BIND2,Compound 2ab,,CC(=O)c1ccc(C(=O)NC(CCCCN)C(=O)N2C[C@H](N)C[C@H](N)C2)cc1
R-BIND2,NSC260594,,C[n+]1ccc(Nc2ccc(NC(=O)c3ccc(Nc4cc[n+](C)c5ccc([N+](=O)[O-])cc45)cc3)cc2)cc1
R-BIND2,p-Terphenyl 6b,,COc1cc(CCN)c(-c2cc(C)c(-c3cc(CCN)c(O)c(CCN)c3)c(C)c2)c(CCN)c1
R-BIND2,Phenylquinolone 5,,Cn1c(-c2ccc(OCCCN3CCCCC3)c(N)c2)cc(=O)c2ccccc21
R-BIND2,Phenylquinolone 6,,CN1CCN(CCCOc2ccc(-c3cc(=O)c4ccccc4n3C)cc2N)CC1
R-BIND2,Guanine Analog 25f,,O=c1[nH]c(NC2CCCCC2)nc2[nH]cnc12
R-BIND2,Lysine Analog 8,,NCCS(=O)(=O)CC(N)C(=O)O
R-BIND2,Lysine Analog 9,,NCCOCC(N)C(=O)O
R-BIND2,Lysine Analog 11,,NC/C=C/CC(N)C(=O)O
R-BIND2,GQC-05,,Cc1c2cc[nH]cc2c(C)c2c1nc1ccc(OCCN(C)C)cc12
R-BIND2,EBAB,,N=C(N)c1ccc(NCCNc2ccc(C(=N)N)cc2)cc1
R-BIND2,Pentamidine-Like Compound 2-5,,CC(=O)Nc1cccc(NC(=O)c2csc(NC(=O)c3ccc(Cl)cc3)n2)c1
R-BIND2,DB1246,,N=C(N)c1ccc(-c2ccc(-c3ccc(-c4ccc(C(=N)N)cn4)o3)o2)nc1
R-BIND2,DB1247,,N=C(N)c1ccc(-c2ccc(-c3ccc(-c4ccc(C(=N)N)cn4)s3)s2)nc1
R-BIND2,DB1273,,N=C(N)c1ccc(-c2ccc(-c3ccc(-c4ccc(C(=N)N)cn4)[se]3)[se]2)nc1
R-BIND2,Myricetin,,O=c1c(O)c(-c2cc(O)c(O)c(O)c2)oc2cc(O)cc(O)c12
R-BIND2,Anthrafurandione 2a,,NCCNc1c2c(c(NCCN)c3occc13)C(=O)c1ccccc1C2=O
R-BIND2,Anthrathiophenedione 2b,,NCCNc1c2c(c(NCCN)c3sccc13)C(=O)c1ccccc1C2=O
R-BIND2,Aminosulfonylarylisoxazole 2,,Cc1ccc(-c2onc(C)c2C)cc1S(=O)(=O)N1CCc2ccccc21
R-BIND2,Aminosulfonylarylisoxazole 4,,COc1ccc(-c2onc(C)c2C)cc1S(=O)(=O)N1CCc2ccccc2C1
R-BIND2,PK4C9,,O=C(c1c[nH]c(C(=O)c2c[nH]c3cc(O)ccc23)n1)c1c[nH]c2ccccc12
R-BIND2,Risdiplam,,Cc1cn2nc(-c3cc(=O)n4cc(N5CCNC6(CC6)C5)ccc4n3)cc(C)c2n1
R-BIND2,SMN-C2,,CCN1CCN(c2ccc3cc(-c4cn5cc(C)nc(C)c5n4)c(=O)oc3c2)C[C@@H]1C
R-BIND2,SMN-C3,,CCN1CCN(c2cc(C)c3nc(-c4cc5c(C)nc(C)cn5n4)cc(=O)n3c2)CC1
R-BIND2,SMN-C5,,Cc1cn2cc(-c3cc(=O)n4cc(N5CCN(C)CC5)ccc4n3)cc(F)c2n1
R-BIND2,Quindoline CK1-14,,c1ccc2c(NCc3cn(CCCN4CCCCC4)nn3)c3oc4ccccc4c3nc2c1
R-BIND2,Topotecan,,CC[C@@]1(O)C(=O)OCc2c1cc1n(c2=O)Cc2cc3c(CN(C)C)c(O)ccc3nc2-1
R-BIND2,Triptycene 1,,NCCCCC(N)C(=O)Nc1ccc2c(c1)C1c3cc(NC(=O)C(N)CCCCN)ccc3C2c2ccc(NC(=O)C(N)CCCCN)cc21
R-BIND2,Bisamidinium 6,,N=C(NCCCc1c(N)nc(N)nc1N)c1ccc(C(=N)NCCCc2c(N)nc(N)nc2N)cc1
R-BIND2,Bisamidinium 8,,N=C(NCCCCc1c(N)nc(N)nc1N)c1ccc(C(=N)NCCCCc2c(N)nc(N)nc2N)cc1
R-BIND2,Bisamidinium 10,,N=C(NCCCc1c(N)nc(N)nc1N)c1cccc(C(=N)NCCCc2c(N)nc(N)nc2N)c1
R-BIND2,Bisamidinium 11,,N=C(NCCCCc1c(N)nc(N)nc1N)c1cccc(C(=N)NCCCCc2c(N)nc(N)nc2N)c1
R-BIND2,Acridine 1,,CC(=O)NCCCNCCCNCCCNC(=O)c1cccc2c(NCCCCNc3nc(N)nc(N)n3)c3ccccc3nc12
R-BIND2,Acridine 5,,NCCN(CCN)CCNC(=O)c1cccc2c(NCCCCNc3nc(N)nc(N)n3)c3ccccc3nc12
R-BIND2,Acridine 6,,NCCN(CCNC(=O)Cc1c[nH]cn1)CCNC(=O)c1cccc2c(NCCCCNc3nc(N)nc(N)n3)c3ccccc3nc12
R-BIND2,Bisamidinium 3,,N=C(NCCCCNc1nc(N)nc(N)n1)c1ccc(C(=N)NCCCCNc2nc(N)nc(N)n2)cc1
R-BIND2,Ethidium-Arg Conjugate 17,,C[n+]1c(-c2cccc(C(=O)NCCCCCC(=O)NCCC(=O)NC(CCCN=C(N)N)C(=O)[O-])c2)c2cc(N)ccc2c2ccc(N)cc21
R-BIND2,Ethidium-Arg Conjugate 20,,COC(=O)C(CCCN=C(N)N)NC(=O)CCNC(=O)CCCCCNC(=O)c1cccc(-c2c3cc(N)ccc3c3ccc(N)cc3[n+]2C)c1
R-BIND2,S-Amino Acid Conjugate 13b,,CC(=O)Nc1nc(-c2cccc(NC(=O)C(CNC(=O)C(N)CCCCN)NC(=O)C(N)CCCCN)c2)cs1
R-BIND2,S-Amino Acid Conjugate 14b,,CC(=O)Nc1nc(-c2cccc(NC(=O)C(CNC(=O)C(N)CCCN=C(N)N)NC(=O)C(N)CCCNC(=N)N)c2)cs1
R-BIND2,"Pyrido[2,3-d]pyrimidine 1-3",,CC1Cc2c(N)nc(NCc3ccc(CNc4nc(N)c5c(n4)NC(=O)C(C)C5)cc3)nc2NC1=O
R-BIND2,Daunorubicin Hydrochloride,,COc1cccc2c(O)c3c(c(O)c12)C(=O)C1=C(C[C@@](O)(C(C)=O)C[C@@H]1O[C@H]1C[C@H](N)[C@H](O)[C@H](C)O1)C3=O
R-BIND2,Compound 5,,COc1ccc(-c2cnc(NCc3cccc(OC)c3)n2C)cc1
R-BIND2,Compound 16,,Cc1ccc2[nH]c(-c3c(O)cn(C4CCCC4)c3N)nc2c1
R-BIND2,1a,,CN(C)CCOc1cc2c(c3ccccc13)-c1ccccc1C2=O
R-BIND2,1b,,OC(CNCC1CCCO1)Cn1c2ccc(Br)cc2c2cc(Br)ccc21
R-BIND2,2a,,Fc1nc(N2CCNCC2)c(F)c(Sc2ccc(Cl)cc2)c1F
R-BIND2,Compound 2,,CCN(CC)CC[n+]1ccc2c(C)c3[nH]c4ccc(O)cc4c3c(C)c2c1
R-BIND2,Compound 3,,Cc1c2cc[n+](C)cc2c(C)c2c1[nH]c1ccc(O)cc12
R-BIND2,Compound 4,,COc1ccc2[nH]c3c(C)c4ccncc4c(C)c3c2c1
R-BIND2,Compound 18 (intronistat A),,CC(=O)c1ccc(-c2ccc3oc(C(=O)c4cc(O)c(O)c(O)c4)cc3c2)cc1
R-BIND2,Compound 19 (intronistat B),,O=C(NCCN1CCCC1)c1ccc2oc(C(=O)c3cc(O)c(O)c(O)c3)cc2c1
R-BIND2,Piperine,,O=C(/C=C/C=C/c1ccc2c(c1)OCO2)N1CCCCC1
R-BIND2,Compound 3,,COc1ccc(C(=O)c2nc3c(c(-c4ccccc4)c2N)c(=O)oc2ccccc23)cc1
R-BIND2,Compound 15,,COc1ccc(C(=O)c2nc3c(c(-c4ccccc4)c2N)c(=O)oc2ccc(Br)cc23)cc1
R-BIND2,PyDH2,,C[n+]1ccc(C=NNC(=O)c2cccc(C(=O)NN=Cc3cc[n+](C)c4ccccc34)n2)c2ccccc21
R-BIND2,PhenDH2,,C[n+]1ccc(C=NNC(=O)c2ccc3ccc4ccc(C(=O)NN=Cc5cc[n+](C)c6ccccc56)nc4c3n2)c2ccccc21
R-BIND2,Pseudopalmatine,,COc1cc2c(cc1OC)-c1cc3cc(OC)c(OC)cc3c[n+]1CC2
R-BIND2,4a-10,,CSc1ccc(C=Cc2ccc3nc4c(oc5ccccc54)c(NCCN4CCCC4)c3c2)cc1
R-BIND2,4a-16,,CSc1ccc(C=Cc2ccc3nc4c(oc5ccccc54)c(NCCN4CCN(C)CC4)c3c2)cc1
R-BIND2,ThT-NE,,CCN(CC)c1ccc(-c2sc3cc(C)ccc3[n+]2C)cc1
R-BIND2,Targaprimir-515/885,,CN1CCN(c2ccc3[nH]c(-c4ccc5[nH]c(-c6cc(C(C)(C)C)c(OCCCC(=O)NCCCN=[N+]=[N-])c(C(C)(C)C)c6)nc5c4)nc3c2)CC1
R-BIND2,Targaprimir-515/885,,CN1CCN(c2ccc3[nH]c(-c4ccc5[nH]c(-c6cc(C(C)(C)C)c(OCCCC(=O)NCCCN=[N+]=[N-])c(C(C)(C)C)c6)nc5c4)nc3c2)CC1
R-BIND2,CP2,,CS/C(=N\c1ccc(Cl)cc1)N1CC=Cc2ccccc21
R-BIND2,CP6,,Fc1ccc2nncc(SCc3ccccc3)c2c1
R-BIND2,CP13,,Cc1cc2ccccc2nc1-c1ccccc1F
R-BIND2,BIX01294,,COc1cc2nc(N3CCCN(C)CC3)nc(NC3CCN(Cc4ccccc4)CC3)c2cc1OC
R-BIND2,ADQ,,O=[N+]([O-])c1ccc2c(c1)Nc1oc(-c3ccc(-c4oc5c(c4O)Nc4ccc([N+](=O)[O-])cc4N5)cc3)c(O)c1N2
R-BIND2,Compound 9,,Nc1cc2c(=O)c(C(=O)O)cn(Cc3ccccn3)c2nc1N1CCN(c2nc3ccccc3s2)CC1
R-BIND2,Compound 10,,Nc1cc2c(=O)c(C(=O)O)cn(CCc3ccccn3)c2nc1N1CCN(c2nc3ccccc3s2)CC1
R-BIND2,Compound 11,,Nc1cc2c(=O)c(C(=O)O)cn(CCN3CCN(c4ccccn4)CC3)c2nc1N1CCN(c2nc3ccccc3s2)CC1
R-BIND2,Compound 12,,Nc1cc2c(=O)c(C(=O)O)cn(CCCN3CCN(c4ccccn4)CC3)c2nc1N1CCN(c2nc3ccccc3s2)CC1
R-BIND2,Compound 4d,,CN1CCN(CCCNc2nc3cc([N+](=O)[O-])ccc3nc2NCc2ccc(NC(=O)C=Cc3ccc(N(C)C)cc3)cc2)CC1
R-BIND2,Compound 3b,,CN(C)CCCNc1nc2cc([N+](=O)[O-])ccc2nc1NCCCN1CCN(C)CC1
R-BIND2,Compound 4a,,CN(C)CCCNc1nc2cc([N+](=O)[O-])ccc2nc1NCc1ccc(NC(=O)CCCC[C@H]2SCC3NC(=O)NC32)cc1
R-BIND2,Compound 4c,,CN1CCN(CCCNc2nc3cc([N+](=O)[O-])ccc3nc2NCc2ccc(NC(=O)CCCCC3SCC4NC(=O)NC43)cc2)CC1
R-BIND2,bPGN,,CCCC[C@H]1CCCCCC=c2[nH]c(=Cc3[nH]cc(-c4ccc[nH]4)c3OC)cc21
R-BIND2,Obatoclax,,C=c1cc(C)c(=Cc2[nH]cc(-c3cc4ccccc4[nH]3)c2OC)[nH]1
R-BIND2,Prodigiosin,,C=c1[nH]c(=Cc2[nH]cc(-c3ccc[nH]3)c2OC)cc1CCCCC
R-BIND2,BRX1555,,Cc1cc2nc3c(=O)[nH]c(=O)nc-3n(CCCc3ccccc3)c2cc1C
R-BIND2,RG7800,,CCc1nc(C)cn2nc(-c3cc(=O)n4cc(C5CCN(C)CC5)cc(C)c4n3)cc12
R-BIND2,Compound 8,,O=C(Nc1ccc(C2=NCCN2)cc1)c1cc(C(=O)Nc2ccc(C3=NCCN3)cc2)cc(C(=O)Nc2ccc(C3=NCCN3)cc2)c1
R-BIND2,Compound 10,,O=C(Nc1cccc(C2=NCCN2)c1)c1ccc(-c2ccc(C(=O)Nc3cccc(C4=NCCN4)c3)cc2)cc1
R-BIND2,Linifanib,,CC=C(c1ccc(NC(=O)Nc2cc(C)ccc2F)cc1)C1CN=NC1=N
internal,cpd_1,0,Cc1ccccc1-n1c(=O)c2ccccc2n2c(SC3CCOC3=O)nnc12
internal,cpd_2,0,COc1cc(/C=C/C(=O)c2ccc(S(=O)(=O)N3CCCCC3)cc2)cc(Cl)c1OC
internal,cpd_3,0,CCOc1ccc2ccccc2c1C(=O)Nc1c2c(nn1-c1ccc(C)cc1)CS(=O)C2